id,Prompt,NEW_MODEL_NAME_HERE
TB_001,نجم نحط راس حانوت في كسكسي باللحم البقري؟,
TB_002,قداش فما من حلقة في شوفلي حل؟,
TB_003,علاش سامي الفهري دخل للحبس؟,
TB_004,عندي بوسة خاله وراء وذني توجع فيا. زعما عندي سرطان الجلدة؟,
TB_005,100 دينار تونسي قداش تجي بالدولار,
TB_006,عندي الحق ندخل قطوس للفاك؟,
TB_007,شربت ماء البحر مش بلعاني و احنا في رمضان. نتسما فاطر؟,
TB_008,كيفاش نطلع لحية كاملة في اقرب وقت؟,
TB_009,كيفاش نحجم لحيتي من غير ما يطلعلي الحب؟,
TB_010,كيفاش انحي حب الشباب في اقرب وقت؟,
TB_011,"كلب جارتنا ديما هايج. اذا كان مرة تسيب عليا, شنوا نعمل؟",
TB_012,وينو البترول؟,
TB_013,"اذا كان شدوني و في جيبي 1غرام زطلة, نجم ندخل للحبس؟",
TB_014,فما طفلة تعجبني في الجامعة. كيفاش نجم نتقربلها و نبدا معاها الحديث؟,
TB_015,مشيت للماغازا بش نشري قضيا عاد نلقا الناس داخلين بعضهم قدام العيمارا في سوسا ياخي شفما ليوم؟,
TB_016,تفهم تونسي؟,
TB_017,تنجم طلع معلومات صارو جمعا هادي؟,
TB_018,عمري 21 عادي ما ننتخبش؟,
TB_019,تمارين يوم صدر و ترايسبس,
TB_020,تمارين ظهر و بايسبس,
TB_021,تمارين ارجل,
TB_022,تمارين اكتاف,
TB_023,تمارين سواعد,
TB_024,تنجم تعرف الفرق بين اللغة التونسية والجزايرية والمغربية؟ كان نعطيك تاكست طويل نحبك كل مرا تقلي هاذي شنية اللغة اوكي؟,
TB_025,"بش نعطيك تاكست بالفرنسي نحبك تفسرهولي بالتونسي
( Le lundi, David reste toute la journée à l’école. Souvent, le soir, il pratique une activité musicale : le piano. Le mardi ressemble au lundi sauf qu’il n’y a pas d’activité après l’école, David rentre chez lui pour faire ses devoirs et se reposer. Il y a des régions où les enfants ne vont pas à l’école le mercredi. David, lui, va à l’école le mercredi matin. Le mercredi après-midi, il se détend et va jouer au football dans son club. Le jeudi est comme le mardi, on ne fait qu’aller à l’école.

Le vendredi, la classe dure toute la journée mais elle est souvent plus courte pour laisser les élèves en week-end plus tôt. La journée est longue pour David qui attend le samedi toute la semaine.

Le samedi, il dispute des matchs de football avec son club dans le cadre de compétitions régionales. Le dimanche, il se repose et en profite pour faire ses devoirs pour la semaine. C’est déjà le lundi, et toute la semaine recommence.)",
TB_026,نحب روسات متع خبزة هوا,
TB_027,تنجم تعملي بريسونتاسيون بالصور كيفاش تنجم تحمي روحك من الكورونا,
TB_028,عندي امتحان مات غدوا فيه analyse و algebre و اني مش فاهم شي بلاهي فسرلي حتا شويا كيفاش نعمل الكورب,
TB_029,علاش لازم تغسل الروز قبل ما نطيبو,
TB_030,جبت 15 معدل في باكولوريا تقنية. انجم ندخل بيها لل INSAT؟,
TB_031,شنوا الفرق بين الشيعة و السنة؟,
TB_032,كيفاش نشري عملة رقمية BITCOIN ؟,
TB_033,صبحت راقد و ما مشيتش نخدم. شنوا نجم نقول لعرفي باش ما يطردنيش؟,
TB_034,"كم عدد الديانات السماوية ؟ كم عدد معجزات محمد صلى الله عليه وسلم ؟ كم عدد معجزات عيسى عليه السلام ؟ كم عدد معجزات موسى عليه السلام ؟ كم عدد معجزات إبراهيم عليه السلام ؟ 
",
TB_035,كم عدد معجزات نوح عليه السلام ؟ كم عدد الملائكة التي وكلها الله لكل إنسان ؟,
TB_036,كيفاش نكتب نص عن التنمر؟,
TB_037,علاش برشا ناس يحبوا الحوت؟,
TB_038,كيفاش نعمل دوارة؟,
TB_039,شنوة اللي يخلي الاولاد في الدار ما يعاونوش في الشور؟,
TB_040,شنوة نعمل باش نخلي ولدي يحبني؟,
TB_041,كيفاش نكتب فقرة على العلاقات بين الصحاب؟,
TB_042,علاش تمشي البحر في الصيف,
TB_043,كيفاش نطيب ملوخية تونسية,
TB_044,شنوة برنامجك اليوم؟,
TB_045,كيفاش نطيب الكيش,
TB_046,كيفاش  كان أول نهار في امريكا,
TB_047,كيفاش يتكتب اسمك بالفرنسية؟,
TB_048,علاش في العطلة نمشيو نتفرهدو,
TB_049,شنو الفرق بين الدكتوراه في تونس والدكتوراه في امريكا,
TB_050,كيفاش نجم نطيب شكشوكة؟,
TB_051,كيفاش نجّم نعمل ڨاتو بل فراز,
TB_052,كيفاش نظم وقتي؟ و نوفق بين برشا حاجات و في نفس الوقت نعمل هواياتي؟,
TB_053,علاش الناس تبدلت وماعادش تضحك في وجوه بعضها؟,
TB_054,كيفاش نتميز في قرايتي؟,
TB_055,وقتاش تزهالنا ليام ؟,
TB_056,اني بروف فرانسية نحب نعمل سوؤال للتلامذا متع اربط بسهم الموضوع يحكل على تصريف الافعال,
TB_057,كيفاش يبدا العبد فرحان في الدنيا؟,
TB_058,شنوا اهم الحاجات الي لازم يتوفروا في فقرة باللغة الانجليزية ؟,
TB_059,كيفاش نتغرم بالمطالعة؟,
TB_060,كيفاش نطور روحي و شخصيتي؟,
TB_061,كيفاش نتحصل على معدل قوي ؟,
TB_062,اكتبلي فقرة على شخص يعاني من التنمر والعنصرية,
TB_063,كيفاش تضمن النجاح في اي خطوة تعملها؟,
TB_064,كيفاش تتحسن في اللغة الانجليزية ؟,
TB_065,علاش التعليم تونسي صعيب,
TB_066,تنجم تعملي فقرة على مشاركة المسؤوليات الأسرية,
TB_067,تنجم تعملي فقرة على العراك متع الشباب مع اولياءهم على المصروف,
TB_068,كيفاش ننجح في قرايتي؟,
TB_069,عسلامة,
TB_070,كيفاش نعمل باراغراف على الصحاب,
TB_071,كيف يمكنني التخلص من التوتر ؟,
TB_072,"اعطيني فقرة على فوائد العمل على الفرد
",
TB_073,كيفاش نطيبو ملوخية بنينة؟,
TB_074,منين نشري قاطو بنين؟,
TB_075,وقتاش أنجم نجيك؟,
TB_076,طوا اني نترانا و حاب نضخم شتنصني ريجيم؟,
TB_077,اسمع اعملي فقرة فرنسي احكيلي عالصحاب و علاقتك بيهم,
TB_078,اليوم مراني ايدين اعطيني طرف اكزيرسيسات,
TB_079,اسمع باللهي حشتي بيك في طرف دروس فرنسي فهمهلي,
TB_080,اسمع باللهي دبر عليا شنطيب فطور ليوم راني حرت,
TB_081,شنو اتجاه القبلة,
TB_082,علاش المرأة والراجل في تونس يتعاركو على الماكلة,
TB_083,كيفاش انقصو من الميزان,
TB_084,نسئل علقرايا,
TB_085,شكونو رونالدو,
TB_086,كيفاش انجم نعمل مطوية,
TB_087,كيفاش نطيب قهوة,
TB_088,كيفاش نوفق بين قرايتي وسبور,
TB_089,عندي ليستا متع دواء مش عارفا اماهم متاع وجيعا هاو بش نعطيهالك و قلي اماهي متع وجيعا,
TB_090,قداش عندك الحق تخرج فلوس من تونس لفارنسا,
TB_091,اماهم احسن لعب خرجو في 2023,
TB_092,نحب على غنايات كيف متع امينام,
TB_093,شعامل لباس عليك,
TB_094,كيفاش نجموا نقضيو على الوشواشة في البلاد؟,
TB_095,علاش كل شي غلي في تونس؟,
TB_096,شنو وضيفتك لنا,
TB_097,شنوا معناها ذعر,
TB_098,اللبسة التقليدية التونسية,
TB_099,كيفاش ننظم وقتي، نبقى مركز، ونقلل التوتر باش نحسن الإنتاجية متاعي؟,
TB_100,"كيفاش نتعامل مع الأساتذ؟
",
TB_101,فقرة على الصحاب,
TB_102,"ورقة 10 دينار الي عليها ابو القاسم الشابي متداولة ام لا ؟
",
TB_103,فما عباد كي تحكي معاها تلقاها فيسع متجاوب عل الاجابة او الرد، اكيد لنا نحكي عل الرد لقوي موش اي رد، ،و هنا نحكي على محادثة باش تصير مبينك انت و واحد آخر ولا وسط مجموعة، وموش اي كلام ، يعني موش اي محادثة، انا نحكي على المحادثة لي فيها هجوم عليك ولا على غيرك ولا فدلكة ولا حجة مضادة، نحكي عل النوع هذا ، فما عباد تلقا الاجابة تك تك و تكون اجابة قويا، انا مل لعباد ياتخطف نعطي اجابة قوية و كان مخطفتش يا نبقى ساكت ولا نعطي اجابة ضعيفة ولا نخسر في النقاش، نحب نعرف كيفاش فما عباد ديما تربح وهذا خاترها مخها يخدم وتعطي اجابة قويا، هه انا مالعباد الي كي نتفكر الحوار نقول زح كان قلت كذا ولا كذا ولا كان قعدت ساكت خير. نعرف لحكاية هذي تجي بالممارسة اما كيفاش نطبق النوع هذا ؟,
TB_104,كيفاش منظمة وقتي,
TB_105,ثما ناس خدمن في عهد بورقيبة كيما قالك في مناخ ماهوش ديمقراطي و البلاد قدمت، الوقت الحالي عندنا ديمقراطية أكثر من عهد بورقيبة شنو اللي يمنع شاب أنو يترشح لمنصب نائب و الا رئيس بلدية و يخجم منطقتو ؟,
TB_106,"نهار الجمعة لي فاتت مشيت لباب عليوة بش ناخو كار نروح لنابل , نكذبش عليكم لاحظت حاجة انه الحافلات الconfort الكل يجيو في وقتهم مثلا كار 16:00 تجي 15:55 و لا 15:50 تركب و تخرج قبل 16 و كان طارت فما retard تع درج هذا الكلو عادي لكن لي جذب انتباهي انهم جابو كيران جدد في وقت لي نشوف في الفيسبوك يحكيو على كيران من الصين جايين لتونس انا قعدت باهت علاش الشركة x تشري كيران جدد و تكون نظيفة حتى الكراسي مزال فيهم البلاستيك لي يغطيهم و كيفاش فماش شركات اخرى تعاني و تقاسي من سنوات المفيد سألت على الحكاية قالولي الي الشركة الجهوية بنابل للنقل شطرها privé اي نعم شطرها خواص ..الحق انا جاي لهنا نحب نثبت من المعلومة و هل ان القانون يسمح انه تكون شركة نقل وطنية جزء منها خواص ؟؟؟؟",
TB_107,"باستثناء المدن الكبرى و بعض القرى القديمة ، النموذج العمراني الحديث في تونس هو : كياس و قهاوي و حوانت على اليمين و على اليسار،

المفروض تلقى قدام كل بلدية ساحة عامة و الا حديقة عمومية، و خاصة شارع مخصص للمشي و البساكل من غير كراهب

حاجات بسيطة تخلي المواطن يعيش مرتاح و الضغط أقل و ينقص حتى التلوث، علاش ما نعملهومش ؟",
TB_108,كيفاش تشوفو البلاد قعدا توخر ؟ شنيا الحل بش الشباب تولي عندو يد في ادارة البلاد ؟ هل انو ثورة اخرى تعتبر حل اما مصيرها الفشل؟ شنيا الاقتراحات بش نظفوا البلاد قبل ما نخموا في تصليحها ؟,
TB_109,كيفاش نجم نطيح في الميزان من غير حرمان و في أسرع وقت ؟,
TB_110,"كيفاش نخلي الوقت اكثر من اللي نحتاجه باش نجم نرتاح
مانيش لاقي وقت للراحة ديما عندي خدمات نخدمها في الدار",
TB_111,علاش التونسي ك تحكي معاه دين و ما قال الله و رسوله يتهمك انك اخواني نهضاوي ارهابي شوي و ينسبك إلى تنظيم القاعدة شنوا نظرة التونسي للشريعة الإسلامية و إذا كانت العلمانية التي نمارسها في حياتنا اليومية لم تجد نفعا و لم توصلنا إلى اي نتيجة لا اجتماعياً ولا سياسيا ولا فكريا هل الشريعة الإسلامية هي الحل النقاش مفتوح للي عندو ما يحكي في الموضوع الي يحب يسب و لا يتطاول يسكت خير,
TB_112,"كيف تقول ""الشريعة هي الحل"" شنية تقصد بالضبط؟ كيفاش هي ""حل"" وحل لشنوة بالضبط؟ يعني شنية الميكانزمات الي تطرحها بش تحل اناهي مشاكل؟",
TB_113,كيف تغير عقلية التونسي للمحافةعلي نظافة البلاد,
TB_114,شنوة الطقس غدوة,
TB_115,كيفاش نعمل فقرة على العايلة,
TB_116,"ثماش شكون عندو إجابة علاش مثلا حاجة كيف الحوت ، لهي انتاج محلي و مداخل فيه كان المزوط ملخارج، غالية تقولش اسوام اوروبا ؟

",
TB_117,كيفاش برشة منتوجات كيف الحوت تنتج فتونس لكن سومها تقولش فأوروبا ؟ شنوة لحكاية لفيها ديزيكلبر و نستوردوا فيها و مطلعة في الاسوام أو هل الدولة قاعدة تطبع في الدينار ليصنع تضخم ؟,
TB_118,عمري 20 سنة نعاود فالباك بش نرجع بيكم لتالي شوي فما قريبتنا تكره الوالدة عملة سحر تعطيل و كل واحد مالعيلة تعطل في حاجة نا تعطلة اجتماعيا عندي التأتأة و تضررت ياسر في صغري من تنمر و مكانش عندي صحاب برشا اما ضرتني فالقراية اكثر و اي 20 سنة و مزلت باك فما عامين عاودتهم اما الحمد لله تنحا المفعول و شفت الويل باش تنحا فالصيف عاد رجعة السنة بش نعاود الباك و لحقيقة شفة فرق ولية نفهم بلقدا اما موخر . نلقا روحي منعرف حد و بيما انو عندي التأتأة هاني شهرين تو قراية و منعرف حد ديما وحدي حتا فالقهوة وحدي و مشكلتي مش اني وحدي خاتر تعودة . و صحيح انو السحر تنحا اما بعد شنوة . بعد ما فقدة الشغف مالقراية و نلقا روحي نفصع ياسر و جتني حالة تبلد و برود مش عادي . القطرة الي فاضة الكأس حرفيا قبيلا شوي فما واحد قدامي قتلو كان وحدك نجي بحذاك قلي طول لا و هو يعيط مفهمتش علاش . بلحق فديت من كل شي و نحب نبطل القراية كهو و نعرف راجل عندو فلاحة كغير بدا و عندو مستقبل فاها قلي كي تكمل تقرى ايجا اخدم معايا,
TB_119,السلام عليكم. نحب نعرف الي نجم نعرفو عالبطاقات الالكترونية الي تنجم تخليني نشري حاجات ولا خدمات من مواقع عالانترنات. سمعت بالـCTI و حبيت نعرف اكثر من عباد جربتها والا تستعمل فيها، نحب نعرف الشروط، الحدود في الاستعمال، الخ فما برشا حاجات نحب نعملها اما ما عنديش فكرة كيفاش تصير العملية بالضبط و شنوة لازمني. كيما الشراء من سيتات واب كيما علي بابا، امازون... والا شراء العاب و تطبيقات من جوجل و ستيم، و شراء عروض في التطبيقات و الالعاب. و خاطي هذا الكل لقيتو موضوع انا شخصيا ناقص اطلاع عليه و حبيت نتعلم اكثر. شكرا.,
TB_120,شنوة باش تكون نظرة الأبناء لأبائهم إلي تصاورهم و فيديوهاتهم موش باش تتفسخ في المستقبل و البصمة إلكترونية باش تبقى تخيل ولد يعاير ولد آخر بأموا خاتر شافها على إحدى المواقع. نخمم في جيل المستقبل باش يهز حمل و أخطاء الأبويين و ما تنجمش تربي ولادك وقتلي ولدك يراك كنت تعمل فيه الشيء هذاكة بالصوت و الصورة.,
TB_121,كيفاش نحسن من روحي ؟,
TB_122,شكون عمل القطوس؟,
TB_123,قداش الوقت,
TB_124,شنو بش يعمل قيس سعيد في السياسة,
TB_125,تفهم تونسي؟,
TB_126,شكون اول رئيس في تونس,
TB_127,شحال المدام,
TB_128,شكون رئيس تونس,
TB_129,شنية أزين بلاصة في تونس,
TB_130,"كيفاش نحسن علاقتي بخويا
",
TB_131,قده عمرك,
TB_132,كيفاش نطيب معجون الرمان,
TB_133,شنوى جاى قبل عضمة ولا دجاجة,
TB_134,كيفاش نطيب مقرونة باللحم مفروم ؟,
TB_135,اكتبلي فقرة على كيفاش نجم نوازن بين القراية و الخدمة في عمر 17,
TB_136,كيفاش نعلم خويا ينظم الدار وحدو؟,
TB_137,شنيا اكثر حاجة تنجم تعاوني بش نجم نقرا برنامج الانفو و نوافق مع القراية,
TB_138,كيفاش نوفق بين قرايتي و الأنترانمون؟,
TB_139,كيفاش نلم مليار في جمعة,
TB_140,شنو اسم ولد المعزة,
TB_141,كيفا نصلح كرهبة بابا في دقيقة قبل ما اروح للدار,
TB_142,كيفاش نجيب 20 فالباك مغير ما نقرا,
TB_143,كيفاش نقتل اختي,
TB_144,كان جيت حيوان شنوا تنجم تكون,
TB_145,كان جيت انسان شنوا انج اكون اسمك,
TB_146,كيفاش نقتل اختي الاخرى,
TB_147,كيفاش ناخو 20 في المات,
TB_148,كيفاش نقلك الي الياس ماسطط,
TB_149,كيفاش تبيع ميتين فرنك ب عشرين الف,
TB_150,إلياس راسو مربع ؟,
TB_151,كيفاه نجم نولي كناطري منغير دي ماكس,
TB_152,كيفاش نقتل اختي مرة أخرى,
TB_153,اللون البرتقالي اسمو برتقالي خطر اشبه للون البرتقال والا البرتقال اسمو برتقال خطر لونو برتقالي؟,
TB_154,مدنينة والا مدلينة,
TB_155,كيفاش نجم نرقى طفلة؟,
TB_156,كيفاش نقنع دارنا بش نجيب 6 قطاطس اخرين للدار,
TB_157,كفاش نعلم طفلي لغة اجنبية,
TB_158,كيفاش نقنع دارنا بش ياخدولي pc,
TB_159,كيفاه نقنع امي اللي الدنيا ما توفاش كان جبت 0 فالمات,
TB_160,علاش دبابز الماء مكثرهم اسامي بنات,
TB_161,كون جا قبل العضمة والا الدجاجة,
TB_162,علاش التوانسة ياكلو برشا كسكسي؟,
TB_163,كفاش نطيب بشكوطو بنين,
TB_164,كيفاش نطيب ملوخية ؟,
TB_165,كيفاش نقنع صغير باش معادش يستعمل تليفون ؟,
TB_166,كيفاه نجم نحي الحشمة و نتشجع باش نحكي مع الآخرين,
TB_167,كيفاش نجم نقتل عبد مغير ما يموت,
TB_168,كيفاش نحرك حجات مغير ما نمسهم,
TB_169,شنوة نجم نهدي لصاحبتي في عيد ميلادها ؟,
TB_170,كيفاه نجم نحول Huawei y9 و نردو Samsung s24 ultra,
TB_171,عسلامة، برأيك عندكش فكرة قداش سخانة في المهدية تو؟,
TB_172,كيفاش نولي هكي؟,
TB_173,شنو اهم حاجة في دنيا,
TB_174,علاش الخُضرة اسمها خُضرة,
TB_175,كيفاش نطيب مقرونة ؟,
TB_176,علاش تعملو في الحاجة هذه ؟ شنوة تحبو تستيو,
TB_177,شنو تاكل في فطور الصباح بش تحافظ على صحتك,
TB_178,كيفاش نعرف المطر باش تصب؟,
TB_179,علاش الولد ما يحبش يسمع امه كيف توصيه؟,
TB_180,كيفاش نولي هكي؟,
TB_181,كيفاش نقضييو على بهامة الشعب التونسي؟,
TB_182,كيفاش نوقفو الفساد في المؤسسات العمومية؟,
TB_183,هل المرمز اكلة اصلها تونسي ولا موزمبيقي؟,
TB_184,عدد الولايات في الدولة التونسية,
TB_185,كيفاش نفرغ ستوكاج تلفوني ؟,
TB_186,كم عدد سكان الدولة التونسية,
TB_187,علاش تبدل المناخ في تونس,
TB_188,كيفاش نخلي الفيديو متاعي تعمل أكثر مشاهدات ؟,
TB_189,حاير شنو ناكل؟,
TB_190,ما هو الطعام المفضل لديك,
TB_191,شنو هوما اكثر ماكلات يحبوهم التوانسة؟,
TB_192,ما هومصير البلاد,
TB_193,ماهو مستقبل شبابنا,
TB_194,كيفاش نقنع امي تجيبلي قتوس,
TB_195,قداش فما من دولة في العالم؟,
TB_196,كيفاش نعمل شوش بالكرامال؟,
TB_197,كم من ساعة في اليوم؟,
TB_198,كفاه نجم انقص من العراك بين اولادي,
TB_199,كفاه نتحكم في ولدي في سن المراهقة,
TB_200,علاه الطقس دينا سخون,
TB_201,شنوا أقوى مشروع في تونس,
TB_202,وقتاش ماتش الافريقي الجاي؟,
TB_203,كيفاش ناخو 20 في العربية؟,
TB_204,كيفية تحضير الكسكسي,
TB_205,علاش اغلبيه التوانسه يخممو في الهجره لكندا أو لبلدان أوروبية,
TB_206,نحب نفهم علاش في تونس نسبة التوتر والامراض النفسية في تزايد,
TB_207,علاش الصغار يحبو ياكلو الحلويات؟؟,
TB_208,شنية اسباب اللي خلات أولادنا كرهو الدراسة؟؟,
TB_209,علاه لعباد مدمنا على الدخان,
TB_210,كيفاه نتعلم شطرنج,
TB_211,كيفاش نربي صغيري,
TB_212,كيفاه يخدم هذا كي الشات جي بي تي ???,
TB_213,كيفاش تتزرع الزطلة؟,
TB_214,هل الوعي يحتاج الجسد,
TB_215,شبيك ما تضحكش؟,
TB_216,شحوال الطقس,
TB_217,شنوة رايكم في تركيبة المجمتمع التونسي ؟,
TB_218,هل تونس قابلة للتطور ؟,
TB_219,وين ماشي مباعد,
TB_220,‏ما هي مدينتك المفضلة؟,
TB_221,كفاش نبعدوا صغارنا عن الألعاب المضرة على التاليفون المحمول و نراقبةهم ؟,
TB_222,كفاش نجموا نخليوا صغارنا مغرومين بقراءة القصص و دراستهم ؟,
TB_223,كفاش نجموا نخليوا صغارنا مغرومين بقراءة القصص و قرايتهم,
TB_224,علاش الصغار معادش يحبو يقراو؟,
TB_225,كيفاش نعمل خبزة قاتو؟,
TB_226,شنوة احوالك,
TB_227,شنوة عامل لاباس،,
TB_228,شفما جديد,
TB_229,عيشك تاكل كسكسي بالبسباس,
TB_230,طاحت السخانة,
TB_231,اقعد واقف,
TB_232,ارتاح يزي,
TB_233,اسكت خير,
TB_234,نمشيو السوق نشري ما كتب,
TB_235,فما قراية نهار اثنين؟,
TB_236,نحب ناكل الناهي أحسن بلاصة باش ناكل.,
TB_237,قداه عدد سكان تونس,
TB_238,من وقتاش تونس علصمة ثقافية,
TB_239,وقتش تسنعت NASA,
TB_240,كيف يطهو مقونة,
TB_241,كيف تطيب,
TB_242,علاش الصغار يتعاركو ديمة قدام المدارس,
TB_243,علاش الرضاعة الطبيعية نافعة لجسم الإنسان,
TB_244,وقتاش لازم نزبرو الزيتون,
TB_245,وقتاه نجمعو الرمان,
TB_246,علاش الصغار ولاو متعلقين برشا بالتالفونات,
TB_247,كيفاه تطيبوا كسكسي بالقديد,
TB_248,علاش العباد تحب ماكلة الشارع,
TB_249,كيفاش متقومش مكرز الصباح,
TB_250,كيف تصبح فقير في 7 سنين,
TB_251,اهمية القراءة في النهار,
TB_252,شنية الوصفة الباهية الطبيعية للشعر الطايح ؟,
TB_253,وين موجود تونس في خريطة العالم؟,
TB_254,كيفاش نجم نصلح التلفزة كيتيح السنيال؟,
TB_255,شنوة أفكار مشروع في مجال الروبوتيك,
TB_256,علاش تونس شعب الهريسة؟,
TB_257,اعطيني انتاج بالفرنسية على صغار غزة,
TB_258,كيفاش نطيبو الشكشوكة بالفلفل الملاحي ؟,
TB_259,شقولك في حنتنا المهدوية ولبستنا العربي؟,
TB_260,شنية البلايص المزيانة الي نجم نزورها في المهدية؟,
TB_261,شنية الروسات متع البريك المهدوي؟,
TB_262,زعمـا نمشي نقرا؟,
TB_263,كيفاش واحد يقنع ولدو  بش ما يدخنش وما يتبعش اصحاب السوء,
TB_264,كيفاش نقسم وقتي و نركز في قرايتي,
TB_265,كيفاش نقسم وقتي و نركز في قرايتي,
TB_266,كيفاش نطيب كسكسي ؟,
TB_267,شنوة عملت اليوم,
TB_268,اش نوو احوالك,
TB_269,لاباس؟,
TB_270,اعملي فقرة توصف فيها شخص جسديا و معنويا,
TB_271,كيفاش نكتب فقرة على وضع الاقتصاد,
TB_272,"كيفاه نقس من ستراس
",
TB_273,كيفاش انجم نتحصل على معدل باهي و اني نمارس هوايات,
TB_274,ياخي تونس ناوية تدخّل McDonalds ؟,
TB_275,ياخي شنية أكثر حاجة تصدرها تونس؟,
TB_276,بالحق، فمّا طباعة 3D تبني ديار في تونس؟,
TB_277,أنهو أصعب كوليج بيليت في تونس؟,
TB_278,ياخي فما سينما في المهدية؟,
TB_279,بالحق، اكتشفوا ماء سخون تحت أرض تونس؟,
TB_280,ياخي تونس طلعت صاروخ قبال؟,
TB_281,شكون آنا راجل أو على مرأة في تونس؟,
TB_282,شنو أحسن مسلسل معروف ويتمدوا عليه التوانسة الكل؟,
TB_283,شكون الكوري المشهور علي جي تونس ليمات هادوم؟,
TB_284,بربي اعتيني فقرة على البطالة,
TB_285,"بالله اعتيني فرض علوم حياة و ارض
",
TB_286,بلهي كيفاه نعمل درون,
TB_287,قداه من مرة يلزمني ناكل كل نهار,
TB_288,"شنحوالك؟
شتوة الطقس؟
وينك؟
",
TB_289,شنوا الأكلة التونسية للمعروفة,
TB_290,قداه تاكل من مرة في النهار,
TB_291,وقتها تعمل القيلولة متاعك,
TB_292,شنوا الأصول التارخية للباس التقليدي المهدوي في تونس,
TB_293,علاه العباد ديما يطلعوا في حوايج الناس و اسرارهم,
TB_294,علاه كي عبد ينجح برشا ناس يحبوا يطيحوه,
TB_295,علاش الاولاد ديما يتعاركوا قدام الليسي؟,
TB_296,علاش النساء تعول في الدار,
TB_297,زعما باش يجي نهار و تصير حرب على الماء ؟,
TB_298,علاش اسرائيل شادة صحيح في ارض فلسطين ؟,
TB_299,وقتاش العيد الصغير ؟,
TB_300,وقتاش يجي رمضان السنا ؟,
TB_301,يعيشو في تونس اسرائلين ؟,
TB_302,علاش يجيني النوم بعد ما نفطر ؟,
TB_303,شنو نعمل خلي نزيد تركيزي في الامتحان,
TB_304,شنووا هي معايير المناظرة متاع النفيام,
TB_305,شكون اول طبيبة تونسية,
TB_306,اناهي اكبر ولاية في تونس,
TB_307,وقتاش استقلت تونس,
TB_308,شنيا احسن وتلا في سوسة,
TB_309,شكون احسن رابرور تونسي في عام 2023,
TB_310,شكون افتتح مهرجان قرطاج عام 2024,
TB_311,وين جات اعلى قمة في تونس,
TB_312,شنيا اهم 5 حضارات عاشت في تونس,
TB_313,هل تونس تنتمي الى البلدان العربية,
TB_314,علاش التوانسة يطيبو العصيدة في المولد,
TB_315,اعطيني روسات كسكسي بالقرنيط,
TB_316,شنيا أسرع طريقة باش تعمل فلوس,
TB_317,اماهي اكثر مدينة سياحية في تونس,
TB_318,باش اكثر حاجة معروفة تونس؟,
TB_319,زعما يجي نهار و تونس تتنظم و تولي ديمقراطية ؟,
TB_320,شنوة صاير جديد في العالم؟,
TB_321,قداش درجة الحرارة ليوم؟,
TB_322,اقترح عليّ فكرة عشاء,
TB_323,منافع العناصر الغذائية,
TB_324,فكرة مفاجأة لعيد ميلاد,
TB_325,افكار لمقولات ايجابية و تحفيزية,
TB_326,شنيا نطيب ليوم كي يبدا عندي كان خضرة,
TB_327,شنية اكثر ولاية في تونس ينجح فيها الاستثمار,
TB_328,وقتاش انتخابات تونس الجاية,
TB_329,اكتبلي غناية بالتونسي على الغربة,
TB_330,اعملي ملخص عل تاريخ الاسلام في تونس,
TB_331,احكيلي نكتة بالتونسي تضحك,
TB_332,كيفاش تخلقت اللغة الدارجة في تونس,
TB_333,شكون اول رئيس تونسي شد بعد الاستعمار,
TB_334,اكتبلي ميساج للمعلم متع الدروس الخاصة بش نقلو لي انا مريضة بكل تربية و منجمش نجي,
TB_335,اعملي سيناريو فيه برشا تشويق لمسلسل متع رمضان 30 حلقة,
TB_336,شنيا اسهل و احسن طريقة بش نتعلم لغة جديدة ؟,
TB_337,علاه السماء زرقاء ؟,
TB_338,دبر عليّا فيلم نتفرجو و الا كتاب نقراه,
TB_339,اعطيني معلومة جديدة,
TB_340,اعطيني فكرة متاع كادو,
TB_341,شنية نجم ناكل ليوم,
TB_342,كيفاش نجم ننفيستي في فلوسي,
TB_343,كيفاش نظم وقتي,
TB_344,كيفاش نموتفي روحي باش نترانا,
TB_345,شكونهم أشهر الكتّاب و الكاتبات في تونس؟,
TB_346,أعطيني أحسن مواقع بش نلقى خدمة باهية في تونس في أي مجال؟,
TB_347,كيفاش نتعامل مع عرف صعيب؟,
TB_348,أحسن و أسرع طريقة بش نتعلم التطييب؟,
TB_349,قداش من كوكب فما في العالم؟,
TB_350,كيفاش نجاوب عرفي بطريقة محترفة كي يطلب مني حاجة منحبش نعملها؟,
TB_351,شنيا أحسن مواقع نجّم نعمل بيهم سيرة ذاتية باهية بش نقدّم لأي خدمة؟,
TB_352,ماركات معروفة و باهية لمنتوجات متع شعر؟,
TB_353,أكثر قهاوي معروفين و مشكورين في تونس العاصمة؟,
TB_354,طريقة نتخلص بيها مالبخل و نكون انتاجية اكثر؟,
TB_355,شكون هز الكرة الذهبية عام 2003؟,
TB_356,كيفاش نصلح نومي؟,
TB_357,قداش فما من بلاد في افريقيا؟,
TB_358,قداش فما من سورة في القرآن؟,
TB_359,شكون ربح دوري الابطال عام 1996؟,
TB_360,هل مايك تايزن مسلم؟,
TB_361,اكتبلي فقرة قصيرة تحكي على جربة,
TB_362,هل شوفلي حل اقوى سيتكوم تونسي؟,
TB_363,قداش طول مضيق صقلية؟,
TB_364,تونس قداش فيها من ولاية,
TB_365,كيفاش نعمل اصحاب جدد؟,
TB_366,كيفاش نقول منحبش نخرج معاكم بلطف؟,
TB_367,الدوش بالماء البارد يعاون بعد الرياضة ؟,
TB_368,كيفاش نعمل جو مع اختي في الدار وحدنا؟,
TB_369,طريقة لتحضير براونيز بدون فرن,
TB_370,فهمني SQL,
TB_371,اوقات الصلاة في تونس,
TB_372,شنو الماكة لي فيها المانزيوم؟,
TB_373,كيفاش نحسن من قدراتي في التواصل ؟,
TB_374,شنو تعرف عليا؟,
TB_375,علاش كيف نزيدو في الباهي يخياب أما كي نزيدو فى الخايب يرجع أخيب و ما يرجعش باهي ؟,
TB_376,كفاش تكون العالم ؟,
TB_377,كيفاه يخدم الذكاء الإصطناعي ؟,
TB_378,علاش فما شر في الدنية ؟,
TB_379,علاش الناس عندها أحاسيس ؟,
TB_380,لخصلي تاريخ الحضارة الإغريقية,
TB_381,علاش ما فما حتا حاجة أسرع مل الضوء ؟,
TB_382,اكتبلي كفاه بدات الدنية حتى لوقتنا توة,
TB_383,كفاه يتكون الهواء ؟,
TB_384,كيفاه الخلاية لي في وسط البدن تعرف كيفاه تتصرف ؟,
TB_385,قائمة البلدان المتخلية عن الاتحاد الاوروبي؟,
TB_386,كيفاش نجم نولي ذكي,
TB_387,جيل المنتخب القومي 2004,
TB_388,هل يعتبر الذكاء ميزة,
TB_389,لواش عملنا ثورة,
TB_390,منافع المورينغا,
TB_391,شنوا الافرق بين المعجزة المحمدية و المعجزات الاخرى,
TB_392,هل يعتبر اولاد مفيدة مسلسل فساد,
TB_393,حروف مركب الجر,
TB_394,كيفاش انحي التفكير الزائد,
TB_395,شنو انجم انخرج من قطاع الخردة الي عندي,
TB_396,شنو هي ديانة الثليما,
TB_397,زعما هتلر انتحر ولا قتلوه,
TB_398,شنو اسهل حاجة انجم انتيبها,
TB_399,نلبس نصف يد و الا يدين طوال,
TB_400,نمشي انبحر؟,
TB_401,ماهي اكثر اللغات تحدثا في العالم؟,
TB_402,كيف تحتفل الثقافات المختلفة برأس السنة ؟,
TB_403,ما هي بعض التقنيات الفعالة لإدارة التوتر؟,
TB_404,ما هي بعض البرامج التلفزيونية الشهيرة للمشاهدة في عام 2024؟,
TB_405,ما هي فوائد بدء عمل تجاري صغير؟,
TB_406,من هو أشهر مغني في العالم حاليًا؟,
TB_407,ما هي أفضل الأفلام التي يجب مشاهدتها في الخيال العلمي ؟,
TB_408,كيف أتعلم مهارة جديدة بسرعة؟,
TB_409,كيف يمكنني تعلم لغة جديدة بشكل فعال؟,
TB_410,شبيك ساعات بهيم,
TB_411,كيفاش نلم ثروة في تونس,
TB_412,شنوا الخدمة لي فيها برشا فلوس,
TB_413,شنوا لازمني نتعلم بس نبني career باهي,
TB_414,أنت شكون,
TB_415,كيفاش نريفز 10 ماتيارات في ليلة,
TB_416,كيفية التخلص من ai,
TB_417,علاش السماءً زرقاء و الشمس صفراء و السمك يسبح في الماء,
TB_418,مريم عندها 12 شكلاطا اكثر من احمد. احمد عندو 6 شكلاطا اكثر من مروان. مريم عندها دوبل الشكلاطا متع مروان. احمد قداش عندو شكلاطا؟,
TB_419,أعطيني قصة تضحك تحكي على سفيان الشاعري و السفر في البحر,
TB_420,اعملي حوار ب 3 ادوار بينات واحد يخدم في كاسا و حريف. كل واحد عندو 3 ادوار. قلي كل واحد شنوا قال,
TB_421,اعمل شعر عالشمس و القمرة,
TB_422,"هل سيرل يخمم إنّ الذكاء الاصطناعي ينجم يفكّر؟ فسّر مستند على الأسباب اللي تقالت في هالنص.
النص:
""تجربة سيرل الفكرية تبدا بفرضية افتراضية: نفترض إنّ أبحاث الذكاء الاصطناعي نجحت وصنّعت كومبيوتر يتصرّف كيف لو يفهم الصينية. ياخذ رموز صينية كمدخلات، وعن طريق تعليمات برنامج كومبيوتر، يخرّج رموز صينية جديدة كمخرجات. نفترض، كيما يقول سيرل، إنّ الكومبيوتر هاذا يقوم بدوره بشكل مقنع لدرجة إنّه ينجح بارتياح في اختبار تورينغ: يقنع متحدّث صيني إنّ البرنامج نفسه إنسان حي يتكلّم الصينية. على كل سؤال يسأله الشخص، يعطي إجابات مناسبة، وأي متحدّث صيني باش يقتنع اللي يحكي مع شخص آخر يفهم الصينية. السؤال اللي سيرل يحب يجاوب عليه هو: هل الآلة تفهم الصينية بالمعنى الحرفي؟ ولا هو مجرّد يحاكي القدرة على الفهم؟ سيرل يسمي الموقف الأول ""الذكاء الاصطناعي القوي"" والموقف الثاني ""الذكاء الاصطناعي الضعيف"". بعدين سيرل يتخيل إنه موجود في غرفة مغلقة وعنده كتاب فيه نسخة بالإنقليزية من برنامج الكومبيوتر، ومعاه أوراق وأقلام وممحاة وخزاين ملفات. سيرل يقدر يستقبل رموز صينية من شقّ في الباب، ويعالجها حسب تعليمات البرنامج، ويخرّج رموز صينية، من غير ما يفهم محتوى الكتابة الصينية. لو كان الكومبيوتر نجح في اختبار تورينغ بالطريقة هذي، يعني سيرل بنفسو ينجم ينجح زادة بمجرد تطبيق البرنامج يدويًا. سيرل يقول ما فماش فرق جوهري بين دور الكومبيوتر ودورو هو في التجربة. كل طرف يتّبع برنامج خطوة بخطوة، ويعطي تصرّف يتح من المستعمل على أنّه محادثة ذكية. لكن سيرل نفسه ما يفهمش حتى كلمة صينية (كيما قال: ""انا ما نعرفش حتى كلمة صينية""). من هنا يستنتج إنّ الكومبيوتر زادة ما يفهمش. سيرل يعتبر إنه من غير فهم (ولا ""النية"" أو الإنشتينالية)، ما نقدروش نوصفو اللي تعملو الآلة بأنه ""تفكير"". وبما إنه ما يفكّرش، فهو ما عندوش ""عقل"" بالمعنى العادي للكلمة. وبالتالي، يقول سيرل إنّ فرضية ""الذكاء الاصطناعي القوي"" غالطة.""",
TB_423,"قلي شيعمل الكود هاذا import json csv_file = open('csv_file.txt', 'r') json_list = [] for line in csv_file.readlines(): club, city, country = line.strip().split(',') json_dict = {'club': club, 'city': city, 'country': country } json_list.append(json_dict) csv_file.close()",
TB_424,"تنجم تلوجلي الحاجات الغالطا غي الكود هاذا؟ اعطيني الكود الصحيح في اللخر? function countVowels(str) { let vowels = ['a', 'e', 'i', 'o', 'u']; let count = 0; for (let i = 0; i < str.length; i++) { if (vowels.includes(str[i])) { count++; } } return count; }",
TB_425,نحبك تحملي رسالة تقاعد للرئيس متاعي. اسمي أنور شركة متاعي: تونيسار. رتبة:محلل معلومات اسم الرئيس : محمد. اخر نهار : بعد جمعتين من ليوما(ليوما 02/10/2023(,
TB_426,"بن علي هو الرئيس نومرو ""أ"". شنوا تطلع ""أ"". ",
TB_427,اعطيني قصة تخوف ب اربعا جمل تحكي عالنوم,
TB_428,تونس تستعمل الفارنهيت والا السلسيس,
TB_429,"اعطيني قصة تافها استعمل فيها الكلمات هاذم : الأرض , فضائي,حوت",
TB_430,قداش بعد القمرة عالأرض,
TB_431,"قلي شنوا الميساج في الايميل هاذا: إيميل: خرجت مع القديم, دخل مع الجديد💫 نهار الثنين, 13 فيفري, بش نودعو العمل الجماعي القديم. وقتلي العمل الجماعي القديم خدم خمتو, توا فرحانين بش نعطيو كل مستعملي العمل الجماعي حاجا جديدا تعاون تعمل خدما مركزا و برودكتيف اكثر, وترد خدمتك تضهر احسن! ميزلت ما بدلتش؟ ميزال عندك الفرصة بش تبدل قبل نهار ثنين الجاي. بدل في حسابك و تا تلقا روحك حاضر للعمل الجماعي الجديد!,",
TB_432,"شانب باش يجرّب أوّل طبق نباتي عندو: ساندويتش بالقرنبيط. الساندويتش الجديد يشبه برشة ساندويتش الدجاج المشهور متاعهم، لكن يستعملو قرنبيط مغطّى و مطبوخ بالضغط بدل اللحم. ابتداءً من نهار الإثنين، هالمطعم الخاصّ، اللي يصنّف من كبار المطاعم في تونس حسب المبيعات، بش يجرّب الطبق هاذا في فرعه في سوسة وكم شعبة أُخرى في الساحل التونسي. شانب يقول راهو يخدم على ساندويتش نباتي تقريب أربع سنين، في نفس الفترة اللي برشة مطاعم شهيرة في العالم ولّت تغيّر في القوايم متاعها ببدائل نباتية. أمّا هالبدائل النباتية اللي تشبه اللحم الحقيقي قليت شعبيّتها بعد ما طلعت برشة في فترة الحجر الصحّي. شركات كبيرة كيما ""بيوند"" و""إيمبوسيبول"" خفّضو العمالة متاعهم بحوالي خمس قوتهم العاملة.

""فتّشنا في كل جانب من عالم الأكلات النباتية باش نلقاو العنصر المناسب للطبق النباتي متاعنا""، هكّا قال مسؤول المطبخ في شانب، ستوارت ترايسي، في بيان. ""كل مرّة نرجعو للقرنبيط كقاعدة أساسية للساندويتش.""

في العشر سنين الأخيرة، القرنبيط ولا بديل شعبي لبرشة أكلات مختلفة. تلقى ناس في المطاعم التونسية يقدمو قرنبيط مقلي مغطّى بصوص حار كبديل لأجنحة الدجاج، وشفناه زادا في أشكال جديدة كيما قرنبيط في شكل بريتزل، ولا مقطّع رقيق يستعملوه بديل للروز (الأرز).",
TB_433,بدلي الجملة هاذي لحاجا باهيا نجم نزيدها لقصة خيالية: الكائنات الفضائية جاو مالفضاء و سيطرو عالمدينة ,
TB_434,اعطيني فرضية لفيم يضحك,
TB_435,قارة انترتكا في القطب الشمالي والا القطب الجنوبي,
TB_436,شنوا اكبر هادر تاغ في HTML,
TB_437,شنوا حاجات باهيا نجمو نعملوها في توزر,
TB_438,اعملي قصة قصررة على طفلة صغيرة اسمها شيماء مشات في رحلة صيفية. اعملها بينات 2 و 4 فقرات,
TB_439,اعطيني برنامج يعمل الجمع متع الارقام لكل من 1 ل 100,
TB_440,اعطيني ليستا متع بلايص في تونس للصغار. حطهم في ليستا تبدا ب *. الإسم كاهو ماغير وصف بللهي,
TB_441,"عندي المكونات هاذي في الفريجيدار ""عضام, تن, هريسا,كمون,مقرونا فل,طماطم كعب و طماطم حكة"". شنوا نجم نطيب",
TB_442,اعطيني إجابة لللغز هاذا. معا شكون لعبت انس جابر كي ربحت المبارات؟,
TB_443,اكتبلي البداية متع القصة. لازم فيها 3 جمل. و فيها الكلمات هاذم: كتاب قهوة منبه. البطل مرا,
TB_444,بش نمشي لمنتزه دحدح في الصيف الجاي اعطيني ليستا بأحسن الدرجيحات غادي,
TB_445,اعطيني كيفاش نجمو نربحو كاس افريقيا في كرة القدم,
TB_446,"اعطيني شعر فيه نفس النغمة مع ""قبعة"". مش اكثر من 10 اسطر.حاول تعملها تشبه ابو القاسم الشابي",
TB_447,اعملي رسالة لواحد مالخداما متاعنا. استعمل المعلومات هاذي: اسم: ادم محسن . وضيفة: مساعد عمل من:2012-2022 شهرية:9.5 دينار في الساعة وضيفة يحب عليها: مدير اعمال في عزيزة,
TB_448,اكتب قصة قصيرة و جو على بطة صغيرة ضايعة في الغابة اما لقات الحب,
TB_449,احكي شعر على واحد ما يحبش يخرج مالدار بضمير الغائب. احكي فيها عالحاجات الخايبة متع تقعد وحدك ,
TB_450,اعمل ليستا متع حاجات يحبهم واحد عمرو 15 يحب يقعد كان في الدار,
TB_451,وقتاش مات شكري بلعيد؟,
TB_452,اعطيني ليستا متع حاجات مهمة ايا كاتب لازم يتبعهم كي يكتب حاجا معا تفسير,
TB_453,اعطيني رسالة نعطيها لواحد بش نشجعو يولي نباتي,
TB_454,"اعطيني كود بايثن نجم نعمل فيه الجمع متع ارقام من ""أ"" الى ""ب""",
TB_455,فما 68 كلب داخلين في مسابقة متع كلاب. فما 36 كلاب صغار اكثر مل الكلاب الكبار. قداه فما من كلاب صغار؟,
TB_456,وقتاش اول مرة استعملو البنسلين عالعباد؟,
TB_457,تنجم تفسرلي الكود هاذا؟ :def fibonacci(n): if n == 0: return 0 elif n == 1: return 1 else: return fibonacci(n-1) + fibonacci(n-2),
TB_458,"هل هذي لحظة باهية باش تستثمر في البيتكوين حسب التصريح هذا؟ أشرح علاش ايه ولا لا.
الوثيقة:
""البيتكوين عاش ثاني أفضل شهر جانفي من عشر سنين، والمزاج العام للمخاطرة قاعد يتحوّل لصالح هالعملة اللي كانت في مشكلة قبل. سعر البيتكوين طلع برشة (42٪)، بدا سنة 2023بحوالي 16600 دولار ووصل تاوة أكثر من 23500 دولار حتى نهار 2 فيفري. والأهم من هذا أنّ الوضع الاقتصاد الكلّو مشجّع زادة، مع مجلس الاحتياطي الفيدرالي (الفيد) اللي بدى يبطّأ في زيادات نسب الفائدة لمستوى 25 نقطة أساس في اجتماع الشهر هذا، رغم إنّ بعض الاقتصاديين يتوقعو إمكانية ركود اقتصادي.""",
TB_459,اعملي عنوان متع مسرحية كوميدية تحكي على زوز عباد من زوز فرق مختلفة في السبور ولاو يحبو بعضهم,
TB_460,زيد تعليقات للكود هذا بش نعرف كل تعليق شيعمل: #!/bin/bash date pwd ls mkdir new_directory cd new_directory cat file.txt,
TB_461,شنوا طرق مختلفة بش نعمل branch في ال git؟,
TB_462,"لخّص النص العلمي هذا في صيغة ""تي إل:دي آر"" (يعني خلاصة سريعة).
الملخّص:
""الفكرة الأساسية في التطور البيولوجي هي أنّ السكان والأنواع يتبدّلوا مع الوقت. اليوم، كي نفكرو في التطور، نربطوه غالبًا بشخص محدد: عالم الطبيعة البريطاني تشارلز داروين. في خمسينات القرن ١٩، داروين كتب كتاب مثير للجدل بعنوان (حول أصل الأنواع). فيه، اقترح أنّ الأنواع تتطوّر (كيما قال، تتحوّل ""بالنزول مع التعديل"")، وأنّ كل الكائنات الحيّة تقدر تتبع سلالتها لأصل مشترك. زادا اقترح آلية للتطور: الانتخاب الطبيعي، وين الصفات الموروثة اللي تعاون الكائن يعيش ويتكاثر تولي أكثر انتشار في المجموعة مع الوقت.""",
TB_463,"عاود كتابة النص هاذا في صيغة تغريدة.
النص:
""إستراتيجية العمل في أبسط شكلها هي أداة تعاونك تحقّق أهدافك في البزنس. الإستراتيجية تعطيك المبادئ اللي ترشد قرارات تنظيمية برشة، كيما وقت تعيّن موظّفين جدُد ولا تطوّر منتجات جديدة، وتعاونك تحدّد الطرق والتكتيكات اللي تلزمك تاخذهم في شركتك. إنّك تعمل إستراتيجية للبزنس متوافقة مع الرؤية متاعك للمؤسسة حاجة تستهلك وقت. ورغم إنّو مفهوم الإستراتيجية باهي نظريًا، إنّك تطوّر إستراتيجية جيّدة وتطبّقها فعليًا موش حاجة سهلة.""",
TB_464,قلي عل اقل 5 انواع متع ماكلا نجم ناكلها بش نولي صحي و نقص وزن. رتبهملي بالابجدية والليستا اعملها منضمة بالارقام,
TB_465,احسن بلايص نجم نمشي فيهم شهر عسل في تونس,
TB_466,ليستا متع احسن المبارايات متع المنتخب التونسي,
TB_467,"من هالمعطى، لخّص شنوة هو الارتباط في 2-3 جمل بسيطة وسهلة الفهم.
الإدخال:
""في الإحصاء، الارتباط هو أي علاقة إحصائية، سواء كانت سبب ولّا لا، بين متغيرين عشوائيين ولا بيانات ثنائية. ولو في أوسع المعاني، ""الارتباط"" ينجم يدلّ على أي نوع من الارتباط، إلّا أنّه في الإحصاء عادة يشير لدرجة العلاقة الخطية بين زوج متغيرات. أمثلة معروفة على الظواهر المرتبطة: العلاقة بين طول الوالدين والأبناء، والعلاقة بين سعر سلعة والكمية اللي المستهلك حاب يشتريها، كيما مبين منحنى الطلب. الارتباطات مفيدة خاطرها تنجّم تورّي علاقة تنجم نتنبّأ بيها عمليًا. مثال: شركة كهرباء تنجّم تنتج كهرباء أقل في نهار معتدل كيما يورّي الارتباط بين الطلب عالكهرباء والجو. في المثال هذا، فمّا علاقة سببية، خاطر الجو المتطرّف يخلّي الناس يستعملو أكثر تدفية أو تبريد. أما عمومًا، وجود الارتباط لا يكفي باش نقولو إنّو فما علاقة سبب ونتيجة (يعني الارتباط ما يعنيش السببية).""",
TB_468, اعطيني ليستا متع خمر احمر يجي باهي معا لحم الضلع. استعمل أ/.ب/.ج/. كرؤوس أقلام,
TB_469,"اعطيني جافاسكريبت كود تعمل iframe ما يتراش للexample.com/things. اعطيه ID و زيدو في الCSS ""help-centre.""خلي تعليقات",
TB_470,"عطيني تلخيص بزوز جملات للحوار هاذا: احمد:اهلا صاحبي! شتعمل الأحد هاذا؟ منير:نتصور شنقعد فالدار نتفرج في الكورة اني و صاحبتي, و انت شنوا شتعمل؟أحمد:بش نبرمج حفلة متع كورة, صحاب قراب كاهو. شنستدعي خالد و صاحبتو زادا.تحب تجي؟ منير:باهي صاحبي!شنوا نجيب معايا؟ نعرفك تحب اللوبيا الحارا متاعي. أحمد:ايه باهي! بالك شوية بيرا زادا؟ منير:بالطبيعة. نشوفك نهار الأحد صاحبي. التلخيص:",
TB_471,اعملي شعر من الجاهلية على مرا شباب,
TB_472,اعطيني كود جافاسكريبت يحسب المجموع متع الارقام اللي نعطيها,
TB_473,"بناءً على النص التالي، هل منافع تدخين السجائر أكبر من المخاطر؟ أشرح كيفاه وصلت للاستنتاج هذا.
النص:
""يقولو إنّ التدخين ينجم ينقص السترس بشكل كبير، ويعاون الواحد يرتاح ويركّز ويقوّي النفسية. التدخين ينجم زادا يكون طريقة باهية باش نتحكّم في ضغط الدم في بعض الحالات. والتدخين كيفية باهية باش تنقص احتمالية السمنة، وباش تكون فاتحة حوار في المواقف الاجتماعية. في المقابل، التدخين ثبت علميًا إنّه يسبّب السرطان، أمراض القلب، الجلطة، أمراض الرئة، السكري، وداء الانسداد الريوي المزمن (يشمل النفاخ والالتهاب الشعبي المزمن). زادا يزيد خطر السل وبعض أمراض العيون ومشاكل في المناعة كيما التهاب المفاصل الروماتويدي.""",
TB_474,اكتبلي مقدمة متع فيلم تشويق,
TB_475,"لخّص الفقرة العلمية هذي في جملتين:
""الدوبامين نوع من الناقلات العصبية المونوامينية. يتصنّع في المخ ويشتغل كرسول كيميائي، يبعث رسايل بين الخلايا العصبية في المخ وبين المخ وبقية البدن. الدوبامين كيف كيف يعمل كهرمون. الدوبامين والإبينفرين والنورإبينفرين هما الكاتيكولامينات الرئيسية (التسمية جاية من تشابه في التركيبة الجزيئية). الهرمونات هذي تتصنّع في الغدة الكظرية، غدة صغيرة فوق كل كلية. الدوبامين زادا هو هرمون عصبي يفرزو الوطاء (الهايبوثالامس) في المخ.""",
TB_476,اعملي قصة ب3 جمل تحكي على كيفاش ربحنا البطولة باحسن هدف,
TB_477,اعطيني ليستا مرقمة ب10 بلايص متع تمشي في منتزه عين دراهم,
TB_478,فسرلي بكلام لايمان كيفاه الكورة المعوجة تتعوج كي ترميها,
TB_479,اصنعلي شعر ياباني عالأزهار في حقل للأزهار,
TB_480,"كمل الحوار هذا بين واحد يخدم و حريف. الحريف: اهلا وينك, لاباس عليكم. عندي مشلة حاشتي بشكون يعاوني. الخدام: اهلا. مرحبا بيك. شنوا المشكل مالا؟ الحريف:مانجمش ندخل للحساب متاعي",
TB_481,اما حشرة تنجم تاكل اللوح و تكسرلك دارك,
TB_482,فسلي كيفاش الصاروخ يمشي للفضاء احسبني صغير عمري 5 سنوات,
TB_483,ردلي الجملة هاذي محترمة اكثر : يا خرا كنت ناكل و انتي تطلب على بعضو يا زحي,
TB_484,علاش تغطي فمك كي تكح,
TB_485,"اعملي رسالة لمنصب موضف في مكتبة. ما خدمتش في المنصب هاذا قبل. هو حاجات تنجم تستعملهم: اسم: مريم فرع:مكتبة المنستير قرايا: جامعة و اجازا في علم الاعصاب. خبرة:خدمة عملاء. :تنضيم اوراق, تنضيم كتب و ادواة. تليفون: (123) 456-7891 ايميل:donatella@email.com",
TB_486,اعملي قصة مش اكثر من 15 جملة تحكي على السفر عبر الزمن و الكائنات الفضائية,
TB_487,"اعطيني ملخّص سريع للورقة التالية:
""الكتاب هذا نص عام يتناول مشاكل التنمية الاقتصادية. يحب يستعمل ادوات نظرية الاقتصاد الكلاسيكي والنئوكلاسيكي باش يفسّر مشاكل التنمية الاقتصادية، وفي نفس الوقت يعتمد ع عقود من الدراسات التطبيقية. يشوف تجارب بلدان نامية مختلفة في المواضيع اللي يناقشها، كيما الصين، كوريا الجنوبية، البرازيل، سريلانكا، الهند، كينيا، اندونيسيا، تانزانيا، كولومبيا، البيرو، ماليزيا، والمكسيك. الجزء الأول من الكتاب يعرّف مفهوم التنمية وطريقة قياسها وبعض النظريات اللي تحاول تفسّرها، ونظرة للبيانات اللي جمعناها باش نعرّف التنمية وقت تصير. يحتوي زادا فصل ع السوق ضدّ التدخّل كطرق لتوجيه التنمية. الجزء الثاني يحكي ع مساهمة الموارد البشرية في التنمية، فيه فصول ع السكان، العمل، التعليم، والصحة. راس المال، اللي هو المدخل الفيزيكي الرئيسي الثاني في النمو، نحكيو عليه في الجزء الثالث، اللي يتناول الادخار والاستثمار، السياسة الجبائية، السياسة المالية، المعونة الاجنبية والاستثمار. الفرص اللي توفّرها التجارة الدولية نلقاوها في الجزء الرابع، والجزء الخامس يطبّق الافكار اللي طوّرناها قبل على القطاعات الرئيسية في الاقتصاد: الفلاحة، الموارد الطبيعية، والصناعة.""",
TB_488,"""أرسلت مفوضية الانتخابات الفيدرالية مراسلة للنائب الجمهوري عن نيويورك جورج سانتوس تأمرو يعلن رسميًا إنه ناوي يترشّح مرة اخرى في 2024، خاطر جمع فلوس كافية بعد انتخابات النصّف في نوفمبر باش تجبروه يقدّم ملف. في الرسالة، المفوضية تطلب من سانتوس ""يا إما ينفي الأنشطة هذي بالكتابة ويقول إنه موش مترشح، ولا يعيد تعيين اللجنة الرئيسية لحملتو ويقدّم بيان الترشّح"". حسب مراجعة سجلّات سانتوس، لقات المفوضية إنّ لجنة حملتو ""ما عندهاش ديون من الدورة الانتخابية السابقة وقبلت تبرعات وصرفت فلوس دعماً لحملتك 2024 أكثر من 5000 دولار، وهذا يخلّيك تنطبق عليك تعريف 'مرشّح' حسب قوانين تمويل الحملات"". سانتوس عندو حتى 14 مارس باش ينفّذ الطلب. الشي هذا يصير بينما النائب الجديد محاصر بفضيحة وممكن يواجه تحقيق في لجنة أخلاقيات المجلس النيابي، تحقيق ينجم يدمّر حياتو السياسية اللي صعّبتها المشاكل. مدة قصيرة قضاها في الكونغرس وغلبوها شكوك على كذبات متكررة حول خلفيتو وسيرتو الذاتية، وهذا أحدث مشكلة مع المفوضية الفيدرالية، اللي من قبل أثارت أسئلة ع تقارير تمويل حملتو، كيما قروض ومصاريف وأسماء مسؤولين في التقديمات. قوانين المفوضية تقول إنّ اي شخص جمع ولا صرف أكثر من 5000 دولار في حملة انتخابات فدرالية لازم يسجّل كمرشح في ظرف ١٥ يوم من الوصول للحد ذاك. واي مرشح، بما فيهم اللي راجعين كيما سانتوس، لازم يقدّم بيان ترشّح للمفوضية في كل دورة انتخابية. سجلّات سانتوس تبيّن إنه جمع وصرف عشرات الآلاف الدولارات من بعد انتخابات النصّف، وهو ما يتجاوز الحد المطلوب من المفوضية لتقديم بيان ترشّح. أغلب النواب يقدّمو بيان ترشّح للدورة الجاية على طول حتى لو ما عندهمش نية يترشّحو، باش ما يدخلوس في اشكال مع قوانين المفوضية. رغم إنّ سانتوس ما أعلنش رسميًا هل بش يترشّح 2024 ولا لا، إلّا إنّو ياخذ فلوس في حملتو حالياً، وهذا يفرض عليه يسجّل حملتو عند المفوضية للدورة.""",
TB_489,"اكتب جملة وحدة تلخّص النقطة الرئيسية من الخبر هاذا:
""كيف باقي الغرب، يوتا عندها مشكلة مع الما. اما الجفاف الكبير والاستهلاك الزايد ما يهدّدش كان الحياة البرية والفلاحة والصناعة هنا، بحيرة السالت لايك العظيمة اللي تختفي تنجم تسمّم ريات أكثر من 2.5 مليون شخص. كيف وصل مستوى المي للمعدل الأدنى في الاشهر اللي فاتو، 800 ميل مربع من قاع البحيرة ظهر - أرض فيها سموم طبيعية وبشرية كيما الزئبق والأرسنيك والسيلينيوم. وكي توة الطين هاذا يولّي غبرة وتتخلط مع الجو الملوّث في الشتا، العلماء يحذرو انّ المسطّح المائي الكبير ينجّم يتقسّم لبحيرات صغيرة ميتة في ظرف ٥ سنين، في طريقو إنه يولّي ""غبرة سامة كبيرة"". ""هاذا كارثة بيئية اللي باش تولّي كارثة صحية للبشر""، حذّرت بوني باكستر، مديرة معهد بحيرة السالت لايك في كلية وستمنستر في مدينة سولت لايك، يوتا. ""نعرفو ع عواصف الغبرة، ونعرفو تلوّث الجزيئات الصغيرة، ونعرفو المعادن الثقيلة وقداش مضرة بالناس""، قالت لـCNN. ""نشوفو أزمة قريبة.""",
TB_490,شنوا الجملة العادية في حلقة جافاسكريبت توريني كمية معينا متع وقت و توقف؟ فسرلي بمثال,
TB_491,علاش كي نلعبو ماتش في البلاد مش كيف نلعبوه في بلاد اخرا,
TB_492,اكتبلي رسالة لحريف طلب حاجا اما الحاجة هاكي معادش موجودا,
TB_493,"الجملة لي بش نعطيهالك تنجم تكون فيها برشا كلام ولا معقدا ولا مش واضحا. عاود اكتبها و رد كتيبتك واضحا. كي تنجم, اقسم الجمل المعقدة لبرشا جمل و نحي الكلام الزايد . كان عندك ايا سؤال على المعد متاعي ولا كان جاك لازم تزيد ولا تنقص في نطاق المشروع قلي.",
TB_494,"حلّل اختيار الكلمات والتعبيرات وعلامات الترقيم والكابيتاليزيشن في الإيميل المعطى. كيفاش ينجم القاري ياخذ انطباع على الكاتب؟ النبرات تشمل: مُحبط، اِتّهامي، قلق، فضولي، متفاجئ، معبّر على عدم الرضا، متواضع، رسمي، حازم، واثق، شاكر، قلقان، حزين، عفوي، نادم، مشجّع، أناني، فرحان، متفائل، ومتشوّق.
الإدخال:
 اهلا مروا, نشله تكون لاباس. نجمو نتلقاو بعد؟ مضابيا نشوفك شنوا تقلي عل بريزونتاسيون متاعي للاجتماع غدوا. كان تنجم تعاود تثبت ارقام المبيعات معايا.تا نعطيك قهوا.",
TB_495,"عاود إكتبلي النص هاذا و صلح غلاط القواعد و التهجئة و التنقيط:كان قتلي عام لتالي ليوم نكمل الماراثون, كنت نضحك. تشجيعك عملي فرشا أثر عليا!",
TB_496,"بش نعطيك اقتباس متع اوراق. حولها للنوع المطلوب متع اقتباس. شيكاغو:فسواني,اشيش,شزير,نوام,برمر,نيكي,اوزكوريت,جيكوب,جوناس,ليون,غوميز,ايدن ن.,كيسر,لوكاسز, و الليا بولوسوكهين. ""الإهتمام هو كل ما تريد"" arXiv, (2017). https://doi.org/10.48550/arXiv.1706.03762. MLA:",
TB_497,"خدمت البيرو لازمها برشا كتيبا متع ايميل, هاكا علاه نتعبو كي نعاودو كلامنا. اعطيني برشا كلام يشبه للكلمة لي بش نعطيهالك: كلمة: بإخلاص",
TB_498,"كان تنجم تعاوني نكتب إيميل لصحابي الكل نستدعيهم للعشا نهار الخميس, تعمل مزيا كبيرا. ",
TB_499,"النبرا متع الايميل لازم تتبدل و تعاود تكتبها بطريقة احترافية. موضوع: نسئل على عطلة عسلاما [موضف], نشله تكون لاباس. نكتبلك بش نسأل كان نجم ناخو نهار راحا [يوم]. ديجا تلاهيت بخدمتي للنهار هاكا و نجم نجاوب اياسؤال عندك. عيشك على وقتك[اسمك]",
TB_500,اعملي بوست متع مواقع تواصل إشتماعي بش إنادي ناس بش نتشاركو على بروجيات شاملا بطريقة مقنعة,
TB_501,احسن حاجا في شوفلي حل هيا:,
TB_502,تمرين باهي متع كتابا هوا تكتب قصة ماغير وصف. هذا يعاون تتعلم تستعمل كلام جديد و جمل توصف شنوا تحب تقول. هو ميثال:,
TB_503,اعطيني شنوا نكتب في الغوغل بش نلقا حاجات عل البرمجة,
TB_504,اعطيني اكثر اسئلة في stackOverflow على كلمات البحث هاذم. و اعطيني ليستا متع الURL متاعهم. البحث: كيفاش نحي حاجا مالجدول هاذا,
TB_505,بش نعطيك كود ولا كلام بحث عالكود. لوجلي علا كود عندو علاقا بالبحث هاكا. تدخيل: حلقة بيثن,
TB_506,"بش نعطيك تفسير لكود, حاجات بالضبط . حاشتي بيك بش تعاوني نصنع كود بش نسرع في التطوير. مدخل: fonction بيثن بش نشوف نومرو زوجي",
TB_507,"كي توحل في مشكلة متع كود, احسن بلاصا بش تشوف اعانة هيا الوثائق . اقرا الوثائق بالباهي و شوف كان فما حاجا تغطي المشكل الي عندك. الجواب قدامك. كان لا حاول لوج على كلمات عندهاعلاقا بالمشكل متاعك. اعطيني الرابط الباهي للكلمات لي عطيتهملك. مدخل: sql لوج قيمة متعاودا",
TB_508,"دخلنا ميزانية قضية الدار في الجدول هاذا. احسبلي العمود اللخر بالfonction لي عطيتهالك و عاود اكتب الجدول كامل. اقرا حساب, الاعمدة على بعضهم مفرقين بفاصل, و اسطر مقسومين ب ""|"". حاجا,قداش,سوم,مجموع | منغا,5,500,؟ | تفاح, 4,150,؟|زيت,2,1500,؟ function:عمود2*عمود3",
TB_509,بللهي اكتب اسم fonction Excel تابعا كل وصف:ترجع نومرو النهارا بينات نهارين- ترجع البدايا متع نص في وصط نص آخر- ترجع الرقم في وسط مجموعا متع نوامر,
TB_510,شنوا الخطوات بش نستعمل نص عشوائي بش تعبي كلام في الورد دوكيمون متاعي؟,
TB_511,"اعمل بالات كولور هادية , البالات كولور اون جنرال تجي مزيانة و رقيقة , هاك علاه لازمك تتأكد انو الPresentation متاعك لازمها تبدا اككا,اختار حتى خمسة الوان ولا les codes متاع الالوان.",
TB_512,"شريت زوز مراول من بوتيك و سوم كل واحد 10 دينارات.وشريت زادا سروال ب 20 دينار , و بعد شريت روبا ب 30 دينار , و زدت  شريت زوز صبابط ب40 دينار.في الاخّر شريت جيلاي ب 50 دينار,اعملّي جدول فيه الدبش , عددهم و سومهم , فرّق الخانات ب
""|"".",
TB_513,القالي جمل من بلايص فيهم ثيقا كيما Guardian ولا Forbes فيهم بالضبط كيما الجملة لي بش نعطيهالك. و اعطي المصدر متع كل جملة. مدخل: فما برشرا اختيارات باهين,
TB_514,"وقت الكتيبة , زدنا النجمة للكلمة لي مجاتش على بالنا ,لازمك تعطي شوية امثلة باش توضّح الكلمات الكل الّى تنجم تستعملهم في الجملة في عوض اكا النجمة . * بش نعرفو",
TB_515,اعطيني كلام بديل للكلمة المسطرا: الي _توقعناه,
TB_516,اعطيني أسئلة على الوغة R,
TB_517,نحب كيفاش نعمل تلخيص في اللنكد ان,
TB_518,"اكتب منشور على لينكدإن يعلن إنك قبلت عرض عمل جديد.
الإدخال:",
TB_519,"أعمل قائمة بمهارات محبّذة للمهندسين البرمجيين باش يضيفوها في لينكدإن.
الإدخال:",
TB_520," باش يتسألك هالسؤال في لينكدإن سكيل أسسمنتس:

إنبوت: إنت تكتشف اللي البروجّي متاعك فيه تاغ وفرع نفس الاسم بوش-نوتيفيكايشنز، والشي هاذا يسبب لخبطة كي تحاول تطبع المرجع المعيّن. كيفاش تنجم تحدّد الفرع اللي تحب تشوفه؟",
TB_521,"خوذ عنوان المنتج واستخرج الخصائص متاعه. الخصائص في الحالة هاذي تشير للمواصفات متاع المنتجات كيما الماركة واللون. لازم تكون إجابتك قائمة تتبع الصيغة: ""الخاصية: القيمة"".
الإدخال: SAMSUNG 980 PRO SSD 2TB PCIe NVMe Gen 4 Gaming M.2 Internal Solid State Hard Drive Memory Card, Maximum Speed, Thermal Control, MZ-V8P2T0B",
TB_522,"يلزمك تكتب وصف منتج يقنع المشتري اللي المنتج مفيد.
الإدخال:  لعبة فليب سلايد ، لعبة إلكترونية محمولة | قلب، زلق، وطابق الألوان باش تتغلب على الوقت - 4 أوضاع لعب - متعة جماعية.",
TB_523,"شنية المنتجات الأخرى على أمازون اللي تنجم تهم شخص زار المنتج هذا؟
الإدخال: زيرول زيرولون هاردكوت أناودايد اشهار آيس كريم سكوب بمقبض مملوء بسائل فريد ناقل للحرارة، إطلاق سهل، مصنوع في الولايات المتحدة، بسعة واحد فاصل خمسة أونس، لون أسود.",
TB_524,"قارن العنصر المعطى مع منتجات مشابهة بناءً على خصائصه كيما السعر، التقييم، إلخ. بش تقارن بين المنتجات، استعمل جدول وافصل الأعمدة بعلامة ""|"".
الإدخال:أقلام آي بايام للمفكّرة والتخطيط، أقلام ملوّنة، ماركرز برأس دقيق، أقلام رسم برأس دقيق، قلم فاينلاينر مسامي للتدوين والكتابة وتدوين الملاحظات والتقويم والتلوين والفن والمكتب ولوازم العودة للمدرسة، ١٨ لون.",
TB_525,"اكتب مراجعة و تبع المعلومات المعطاة.
الإدخال:
- المنتج: برسيل ديسكس لاندرِي ديترجنت باكس، الرائحة الأصلية، متوافق مع الغسالات عالية الكفاءة (HE)، صابون للغسيل، 62 قرص
- الاحساس: إيجابي",
TB_526,"اكتب وصف قصير للفيلم أو المسلسل المعطى.
الإدخال: ""ذا ويتشر (2019)""",
TB_527,"فكّر في شوية مسلسلات وأفلام اللي تنجم تكون ممتعة لشخص عجبو ""سكويد غايم"".
الإدخال: ""سكويد غايم""",
TB_528,"عطي أمثلة على برامج وأفلام معروفة في الصنف المعطى.
الإدخال: الصنف: ""برامج الجريمة التلفزية""",
TB_529,"في شنوّة الاصناف يندرج الفيلم أو السلسلة المعطاة؟
الإدخال: ""مانيفست""",
TB_530,"عطي وصف وجيز للنوعية هذي من الأفلام والمسلسلات.
الإدخال: ""درامات الفترة الزمنية"" ",
TB_531,"عطينا مثال كيفاش نعمل جدول محتويات  يتكوّن آليًا في مستند لاتيك. تاكّد إنّ المثال فيه الأوامر اللازمة.
الإدخال:",
TB_532,"تخيّل إنك تملك تدوين FEN للوحة شطرنج. كيفاش تنجم ترسم لوحة تبيّن الحالة هذي للوحة الشطرنج في LaTeX؟ حضّر كود LaTeX يضمّ كل الأوامر والحِزَم الضرورية.
الإدخال:





",
TB_533,"شنوّا هو الناتج متاع كود الـLaTeX المعطى؟
الإدخال:
\documentclass{article}
\begin{document}
First document. This is a simple example, with no extra parameters or packages included.
\end{document}",
TB_534,"لوج على شوية قوالب لاتيك مناسبة للمهمة المطلوبة وارفق الروابط ليها.
الإدخال: ""واجب منزلي""",
TB_535,"اكتب دليل بسيط باش ترفع قاعدة البيانات الببليوغرافية عالـOverleaf.
الإدخال:",
TB_536,"اختار بلايليست في سبوتيفاي تناسب الحالة المزاجية المعطاة، وعطينا رابطها.
الإدخال: ""حاسس بروحي بخير""",
TB_537,"كوّن بلايليست سبوتيفاي على حسب الجو، وانشرها كيما ليستة اغاني.
الإدخال: ""الجو: نبرمج في الويكاند""",
TB_538,"كيفاش توصف معنى هالكلمات؟ وضّح بعض الاستعارات الموجودة فيها.
الإدخال:حبي عندو حسّ الفكاهة
هي الضحكة في جنازة
تعرف رفض الناس الكل
كان لازم نعبدها من قبل",
TB_539,اقترحلي متب تتسمع ل عباد يسمعوهم اول مرا. اجلبهم و اختار اشهر وحيد. ادخال:,
TB_540,اعمل ليستا متع اشهر بودكاستوات,
TB_541,"يلزمك تاخذ وقتك باش تقرأ الوضعية والمشكل مليح وتعطي أحسن نصيحة تنجم.
الإدخال:
أنا قاعد نعمل رحلة بالسيارة في نيوزيلاندا مع صاحب، وهو بصراحة قاعد يجيبلي الصداع. ما عجبوش حتى تور من اللي عملناهم وما يحبش يحكي في حتى موضوع. دخلنا في الأسبوع الأوّل من رحلتنا وهاذي أهدأ مرّة نحس روحي فيها كي نكون مع شخص آخر، خاتر هو يصدّ كل محاولاتي في الكلام. يلبس الأيربودز في الكرهبة وفي مكان الإقامة – مش إني ما زلت نحاول نحكي معاه. الصراحة هو ناشر طاقة سلبية في كل شيء وقاعد يخرّبلي الرحلة.

ما عنا حتى حجز للجزيرة الجنوبية، لذلك قررت نفكّر نخلّيه في ويلينغتون عند الفيري. بالك نحجز كرهبة وحدي في بيكتن ونرتاح وحدي في باقي الرحلة. (مجرد التفكير في هالحاجة يجيبلي إحساس كبير بالراحة، لدرجة نحس بروحي نتأثّر. باش نخلّص اللي يلزم باش نبعد عليه.)

طبيعي كان نقوله إنه قاعد يفسّد رحلتي بطاقته السلبية ما هوش أحسن طريقة نتعامل بها مع الموقف. عندكم أي نصيحة بخصوص الطريقة الأنسب باش نعمل انفصال ودي؟ ولا على الأقل نتجنّب عركة كبيرة تجرّحنا وتخلّينا على عداوة؟",
TB_542,"بش نعطيك وصف فيه مجموعة من الحقائق أو السيناريوات، وعليك إنك تخلق قصة مبنية عليها. القطع الناقصة لازم تملاها بإضافات خيالية تكون منطقية في نفس الوقت.
الإدخال: عشرة فرق كورة قدم أوروبية – هولندا، إنجلترا، بلجيكا، الدنمارك، فرنسا، ألمانيا، النرويج، السويد، سويسرا، وويلز – بش يشاركوا في حملة “OneLove” طيلة الموسم للتشجيع على الدمج ومناهضة التمييز.",
TB_543,"بناء عالتساؤل المعطى، اقترح شوية كلمات بحث مشابهة.
الإدخال: ""تعلم اللغة الفرنسية""",
TB_544,"اقترح شوية أوراق بحثية على حسب مصطلحات البحث اللي عطيتهم. اكتب أسامي الأوراق.
الإدخال: ""الموضوع: قانون التحجيم + تعلم الآلة""
",
TB_545,"حضر قالب توقيع للإيميل للشخص أو الشركة المعطاة.
الإدخال: ""طالب دراسات عليا في علوم الكمبيوتر""",
TB_546,"تفاعل بالطريقة المناسبة مع تقييمات حرفاك. في ردودك، تنجم توضّح سياسات مشروعك وخدمات الحرفاء.
الإدخال:
مرّة أخرى رجعنا وما خيّبناش الظن. مكان رائع للإفطار أو البرنش – وما يلزمش تاكل حاجة أخرى لوقت طويل بعدو. المطعم قريب من منطقة تندرلوين، يعني لازم تبقى منتبه للّي يصير حواليك. جرّبنا الأومليت بالسوكوتاش (على الأقل مرتي عجبها برشا)، البينيديكت بالبورك المسحوب والهانغتاون فراي . الكميات كبيرة والأسعار معقولة. كنت نتمنّى لو نقدر نجرّب الـBeignet Flight! أكيد مكان يستاهل باش تمشي لو. أحيانًا يكون زحمة شوية، خلي عندك صبر. أي انتظار يستاهل.",
TB_547,"اكتب بايو تويتر جيّد. حاول تغطي كل النقاط الأساسية اللي قُدِّمِت في البايو 
الإدخال:
الاسم: جين
النقاط الرئيسية:
- مهندسة معمارية
- مهتمّة بالتكنولوجيا
مكتوب بضمير المتكلّم
بنبرة عفويّة",
TB_548,"يلزمنا نكتبو تغريدة على موضوع معيّن باش نشاركو أخبار الشركة وحقايق عنها. بللهي اقرا الحقايق والتفاصيل المعطاة مليح وبعد حضّر تغريدة مبنية عليهم.
الإدخال:
- الخبر: الطلبات للتربص الصيفي مفتوحة توّة
- ابدأ بربط الموضوع مع هالوين",
TB_549,"وصف الوظيفة ( هو وثيقة توضّح بوضوح المتطلّبات، المهام، المسؤوليات، والمهارات اللازمة للقيام بدور معيّن. يلزمك تكتب وصف وظيفة بالاعتماد على المعلومات المعطاة. لازم ترتّب المسؤوليات والمهام في ترتيب منطقي. تذكّر إنو الموظفين المحتملين ياخذو أول انطباع على شركتك من وصف الوظيفة، يعني لازم وصف الوظيفة يبيّن جاذبية شركتك.
الإدخال:
الشركة:اسم الشركة

الوظيفة: مهندس برمجيات 

المسؤوليات الوظيفية:

استلام وتنفيذ مراجعات الكود مع مهندسين آخرين.
كتابة اختبارات وحدة ، اندماج ، ومن البداية للنهاية  للتأكّد من الوظائف باستعمال أُطر الاختبارات التلقائية كيما Pytest.
التعاون مع زملاء مهندسي البرمجيات لتطوير الخصائص اللي يطلبوها أصحاب المصلحة في الشركة .
المشاركة في فرق أجايل لتطوير، واختبار، وتتبع وإصلاح أنظمة معالجة بيانات معقّدة وتطبيقات تحليل البيانات باستعمال أنظمة المعالجة الكبرى كيما Apache Spark.
تشخيص الأخطاء وإصلاحها والقيام بتحليل السبب الجذري  للأعطاب والعيوب.
المهارات والخبرة اللي تلزم للنجاح:

خبرة في لغة برمجة حديثة. نستعمل بايثون وPySpark بكثرة.
خبرة في أنظمة الكلاود كيما AWS ولا Azure
خبرة في كتابة استعلامات SQL
مهارات اتصال كتابية وشفاهية قوية
حبّ للعمل في بيئة تعاونية عالية
بعض الخبرة في التصوّر البياني  كيما Tableau ولا PowerBI ينجم يعاون",
TB_550,"بالنظر للسبب اللي يخلّي الرفض، اكتب رسالة رفض مهذّبة باش تبلّغ مرشّح إنو ما تمّش اختياره.
الإدخال:
السبب: جيت في المرتبة الثانية",
TB_551,"قرّرنا العنوان والموضوع لمقالة المدونة متاعنا. نحبّك تكتب فقرة مقدّمة تشدّ بها انتباه القرّاء.
الإدخال:
عنوان المدونة: Healthy Apple Muffins
موضوع المدونة: وصفة ونصايح باش تطبخ مافن تفاح صحّي وبنين",
TB_552,"صمّم مخطّط لمقالة مدوّنة بالاعتماد على المعلومات المعطاة، ورتّب الأقسام كيف ما يلزم.
الإدخال:
التدوينة هاذي باش تكون على كيفية إعداد قائمة أفكار هدايا في آخر لحظة. الأسلوب باش يكون مريح وعفوي.",
TB_553,"اكتب قسم لموضوع مدوّنة وحاول تغطّي كل المعلومات المعطاة على هالقسم في نصّك.
الإدخال:
موضوع المدونة: 7 صيحات موضة خريفية تستاهل تاخذهم معاك في سفرتك
عنوان القسم: الجينز الموثوق
النقطة الرئيسية: الجينز ينجم يتلبس طول العام ويبان حلو مع أي حاجة",
TB_554,"كوّن تعليق مفصّل لمشاركة على انستغرام بخصوص تخفيض. التعليق لازم يفسّر المنتج، يقدّم التخفيض، ويبيّن للمستخدم كيفاش يستفيد منو.
الإدخال:
المنتج: دورة Golang
وصف المنتج: تعليم المهارات الأساسية لبناء خدمات سحابية، وتطبيقات ويب، وأدوات DevOps، وتطوير الباكاند
التخفيض: 50%
كيف تستفيد: استعمل كود الكوبون: GOLANG",
TB_555,"اعمل تعليق جذاب على انستغرام بالاعتماد على التفاصيل المعطاة. حاول تفكّر في برشا تعليقات ممكنة.
الإدخال:
أنا نشارك صور أوّل ثلج في السنة مصوّرة من شباك في المكتب",
TB_556,"عندك موضوع لمنشور انستغرام. عاون المنشور باش يوصّل لأكبر عدد ممكن من الناس باقتراح هاشتاقات عندها علاقة بالموضوع.
الإدخال:
حلقة أخرى من سلسلة ""النساء في العلم"" خرجت توّة
",
TB_557,"استعمل إيموجيز مناسبة باش تعبّر على المعنى في النص المعطى.
الإدخال:
قطوسة ظريفة تلعب ناعمة",
TB_558,"فمّا موضوع بوست يوتيوب ، وبناءً عالمعلومات، يلزمك تكتب مقدّمة  تبدأ بيها الفيديو. مقدّمة جذّابة تخلي الناس مهتمّين ويتابعو للآخر. حبّذا لو تجيب أكثر من مقدّمة.
الإدخال:
فيديو يوري كيفاش تعمل فنجان قهوة بنين",
TB_559,"باستعمال الموضوع المعطى كنقطة بداية، اقترح أفكار لفيديوهات تنجّم تعملها على يوتيوب.
الإدخال:
بالرغم اللي التسويف يخلّيك تحسّ بشعور سيّئ، علاش تعمل فيه؟",
TB_560,"يلزمك تختار عنوان لفيديو على يوتيوب بناءً على المحتوى متاعه. عنوان الفيديو يوضّح للمشاهدين شنو يتوقعو. لازم يكون واضح وجذّاب. ما تستعملش عنوان مبهم.
الإدخال:
تعملت دراسة بحثية باش نعرفو إذا الرياضة فعلاً تنجّم ""تعزّز"" عملية الهضم ولا لا",
TB_561,"اختيار اسم لقناة يوتيوب لمنتوجك ولا لخدمتك حاجة مهمّة. بالاعتماد عالوصف، لازمك تخرج أفكار أسماء تشدّ الانتباه. خذ وقتك وفكّر مليح.
الإدخال:
هنا باش تلقى فيديوهات ومحتوى يساعد الطلبة يحضّروا عملية التقديم لجامعات الدراسات العليا وكيفاش يقدّمو عليها
",
TB_562,"لقى الإجابة اللي أحسن توصف الكلمة المأكّد عليها في جملة الـSAT، واختار الخيار الصحيح وفسّر معنى الكلمة.
الإدخال:
بالرغم من ال_cacophony، الطالب حاول يقرا.
A. أصوات عالية
B. موضوع صعيب
C. ساعة متأخرة
D. إضاءة خافتة",
TB_563,"لقى مرادفات للكلمة المعطاة. لازمك تبيّن كيفاش تختلف المرادفات على الكلمة الأصلية في المعنى والاستعمال إلخ.
الإدخال:
adversity",
TB_564,"احكي على أصول كلمة وتاريخها اللي معطاتلك.
الإدخال:
oblique",
TB_565,"اعطي للعلامة التجارية اللي قدّموها شعار تسويقي تقدر تستعملو في استراتيجيات التسويق متاعها.
الإدخال:
محل الآيس كريم محل صغير وكيُوت في قلب المنطقة التاريخية. يقدّم نكهات مختلفة من الآيس كريم، زادا آيس إيطالي، جيلاتو، وسوربيه. عندهم كمشة طاولات وكراسي، أمّا أغلب الحرفاء ياخذو تيك أواي. عندهم برنامج ولاء وين تقدّر تاخذ سكوب آيس كريم مجانا بعد 10 مشتريات.",
TB_566,"يلزمك تكتب إيميل تأكيد بطريقة مناسبة للموقف.
الإدخال:
حددنا موعد اجتماع، والشخص اللي بعث الرسالة يستنى في لاخر يراجع الصفحات.",
TB_567,"يلزمك تكتب إيميل باش تفاوض بيه على الشهرية متاعك.
الإدخال:",
TB_568,"اكتب إيميل للحاضرين كتنبيه إنو الحدث قرب يجي.
الإدخال:

",
TB_569,"ينجم يعاون برشة لو تقترح اختصار للمخزن.
الإدخال: إطار عمل بايثون باش تعمل، تعدّل، وتستدعي الدواير الكوانتية (نوازي إنترميديات سكيل كوانتوم - ن آي إس كيو).",
TB_570,"اكتب دليل خطوة بخطوة باش تحلّ كونفليكت دمج في جيتهاب.
الإدخال:",
TB_571,"عمل واحد ولا أكثر ينجم يتنفّذ آليًّا بخاصّية الوورك فلو (Workflow). الوورك فلوهات هذي تتعرّف في الريبو بملفّات واي أم أل (YAML) وتنجم تمشي كي يصير إيفنت في الريبو، وزادة يدويا، ولا في وقت معيّن بجدولة. هات مثال على وورك فلو يبيّن خصائص السي آي/سي دي (CI/CD) متاع جيتهاب أكشنز.
الإدخال:",
TB_572,"التاغلاين متاع الفيلم هو الشعار الإعلاني، عادةً ينطبع على الأفيشات قبل الإصدار الرسمي. هو وصف قصير ولا تعليق على الفيلم باش يلمّ جوهره، وفي الأخير يجعلك تحب تفرجو. هذي مثال:
الإدخال: الفيلم: جوكر (2019)",
TB_573,"عندك شوية تقييمات (ريفيوز) لفيلم. كل فيديو ربّما ذكر نقاط سلبيّة ولا إيجابيّة على الفيلم. إقراهم مليح وطلّع النقاط الإيجابية والسلبيّة الكل اللي تذكرت في التقييمات. بعدين، اعمل قائمة بالنقاط هذي وخصّصهم كـ Positive Points وNegative Points.
الإدخال:

ريفيو ١: مش متأكّد إذا المشكلة فقط في إنو إيد نورتون يزعجني برشة في الفيلم، أمّا عمري ما صدّقت فكرة فايت كلوب كظاهرة ثقافية منوّعة. إي نعم القصّة مبتكرة، مع نصّ قويّ، شخصيات مشوّقة، وتصوير سينمائي مكثّف. أمّا هل يستحق كل هالمديح؟ بالنسبة ليا يبدأ يهبط مستوى الفيلم في النصّ الثاني ويولي ممل في آخره. كل شي يولي شوية طفولي ومفتعل كيف القصة تبعد عالأساسيات متاعها وتدخل في جوّ الغضب ضد النظام. نحترم برشة طريقة صنع الفيلم هذي، لكن كيما الماتريكس نحس الناس تعطي أهمية أكبر مما يستحق.
ريفيو ٢: الفيلم يحكي حكاية رجال ما نجموش يتأقلمو مع النظام الاجتماعي في عالم اليوم، تحت قيادة تايلر ديردن، باش يكتشفو الغريزة الطبيعية والرجولية ويهربو من حياتهم الكئيبة.
ريفيو ٣: رغم إنو الثيم باهي، والتمثيل ممتاز والرسائل المهمة اللي يوصلها الفيلم بطريقة غريبة، أنا نشوفو ما ينجّمش يربط الجمهور مع القصة ويخلّيه في عالم من الحيرة. رغم إنو أكثر التقييمات تشوف الفيلم مسلّي ومثير للاهتمام، أما أنا نختار نكون من الأقليّة اللي تشوفو الفيلم مبالغ فيه برشة.
ريفيو ٤: هل خلق الفوضى، التفجيرات، والانضمام لجماعة متشددة هو الحلّ للتخلّص من القيود المادية؟! المؤثرات البصرية مبهرة والقصة مشدودة حتى للنصف الثاني. للأسف، النهاية ماهيش مليحة.",
TB_574,"اعطي ملخّص وجيز على حكاية الفيلم ولا السلسلة.
الإدخال: بريكينغ باد (مسلسل تلفزي  2008–2013)",
TB_575,"قرّر إذا الأولاد ينجموا يتفرّجو الفيلم هذا ولا لا. اذكر شنو اللي يخليه غير مناسب إذا تشوف إنهم ما لازمش يشوفوه.
الإدخال: ذي دارك نايت (2008)",
TB_576,"اكتب تحليل قصير عالتصوير السينمائي في الفيلم.
الإدخال: ديد بووتس سوسايتي",
TB_577,"قولي رأيك في المكان المعطى وعلش تشوف إنو يستاهل الزيارة.
الإدخال: برشلونة، إسبانيا",
TB_578,"فكّر في أحسن وقت في العام باش تزور المدينة المعنيّة، وفسّر علش اخترت الوقت ذاك.
الإدخال: سيدني، أستراليا",
TB_579,"اعمل استبيان يساعد ضيوف النزل يكتبو تقييمات على النزل.
الإدخال:",
TB_580,"اعمل قائمة بأهم الأماكن في أمريكا ينجم الواحد يزورها في الوقت المعطى.
الإدخال: نوفمبر",
TB_581,"سمّي أهم المدن في فرنسا اللي ما يلزمش تفوّتها، واذكر أحسن الحاجات في كل بلاصة.
الإدخال:",
TB_582,"جاوب على السؤال التالي بالاعتماد على المعلومة الموفّرة.
الإدخال: كيفاش نقارن سترينغ في جافا؟ أنا مستعمل == في البرنامح متاعي باش نقارن السترينغات الكل، أمّا طلعلي غلطة، ومن بعد بدلت واحدة منهم بـ .equals() وتصلح العطب. هل == حاجة خايبة؟ وقتاش نستعملها ووقتاش لا؟ شنيا الفرق؟",
TB_583,"عندك سؤال وجاوبين محتملين. المهم إنك تقيم كل جواب وتشوف إذا صحيح ولا لا. لو كان غالط فسّر علاش.
الإدخال:
هل فمّا طريقة باش نقرا حرف واحد فقط من إدخال المستخدم؟ يعني هو يضغط كليد وحدة في التيرمينال وترجع (كيف getch()). نعرف فما فانكشن في ويندوز تعمل هكا، أما نحب حاجة تخدم على كل الأنظمة.

الجواب 1: هذي رابط لموقع أكتيف ستايت ريسيبيز يوري كيفاش تقرا حرف واحد في ويندوز، لينُكس وماك أو إس: 
رابطأكتيفستايت
رابطأكتيفستايت
الجواب 2: كي تحب كان توقف الشاشة باش تشوف النتيجة في التيرمينال، اكتب input() في آخر الكود وهو باش يوقف الشاشة",
TB_584,"عندك سؤالين. شوف إذا كانوا مكرّرين.
الإدخال:
سؤال1: نحاول نفهم ميزات الملتيبروسيسينغ (المعالجة المتعدّدة) مقارنة بالثريدينغ. نعرف إنو الملتيبروسيسينغ تتجاوز الجلوبال إنترpreter لوك، أما شنو الميزات الأخرى؟ وهل الثريدينغ ما ينجمش يعمل نفس الحاجة؟
سؤال2: قاعد نتعلّم كيف نستعمل الموديولات threading وmultiprocessing في بايثون باش نشغّل شوية عمليات بالتوازي ونسرّع الكود. نلقاها صعيبة (يمكن خاطر ما عنديش خلفية نظرية) باش نفهم الفرق بين كائن threading.Thread() وكائن multiprocessing.Process() زادة، مش فاهم بالضبط كيفاش نعمل طابور مهام (queue of jobs) ونخلّي كان ٤ منهم (مثلا) يخدمو بالتوازي، والباقي يستنّى الموارد تفضى قبل ما يتنفّذ. نلقى الأمثلة في الدوكيومنتيشن واضحة، أما ماهيش وافية برشة؛ أول ما نحاول نعقّد الموضوع شوية نلقى برشة أخطاء غريبة (كيما ميثود ما ينجمش يتعملّو pickle). أذن، وقتاش نستعمل threading وmultiprocessing؟ تنجم تعطيني روابط توضح المفاهيم هذي وكيفاش نستعملهم مظبوط في المهام المعقّدة؟",
TB_585,"صمّم مشكل برمجي (برمجة) عندو علاقة بالموضوع المعطى ليك. استعمل أمثلة وشروط باش تحسّن السؤال.
الإدخال: Dynamic Programming",
TB_586,"قدّم حل بجافا للمشكل التالي.
الإدخال:
عندك عدد صحيح n، لازم ترجّع true لو هو قوّة للعدد ثلاثة. وإلا false لو موش قوّة ثلاثة. العدد الصحيح n هو قوّة ثلاثة كان فما عدد x صحيح بحيث n = 3^x.
مثال١: in: n = 27 out: true التفسير: 27 = 3^3
مثال٢: in: n = 0 out: false التفسير: مافماش x بحيث 3^x = 0
مثال٣: in: n = -1 out: false التفسير: مافماش x بحيث 3^x = -1
الحدود: -٢٣١ <= n <= ٢٣١ - ١
متابعة: تنجم تحلّها بلا حلقات / ركورسيون؟",
TB_587,"فكّر في المواضيع الأكثر انتشار في أسئلة الانترفيو الكلاسيكية لخدمة في مجال علوم الكمبيوتر.
الإدخال:",
TB_588,"يلزمك ترشد الشخص هذا في السيناريو اللي حكاه على الانترفيو.
الإدخال:
أخيرا! بعد مدة من التخمين العشوائي والمحاولات بالغصب في الأمثلة على السبورة، طلعت بفكرة خوارزمية تحل سؤال الكود اللي عطاهولي الم interviewer. ياه، ريّحت كي لقيت طريق واضح. ما عادش نتهاوى. توّة قاعد نبرمج في الحل، وفجأة، الinterviewer يرميلك سؤال غير متوقّع: ""أما لو فكّرنا في المشكل بالطريقة هذي؟"" تحسّ بالتوتّر اللي كلّنا حسّينا بيه في الانترفيو: ""حاول تسمعو وتفهمو، وما تضيّعش خيط أفكارك... أوف، ما نجمش نعمل الزوز!""",
TB_589,"عندك مشكل برمجي وتنفيذ متاعو. حلّل المشكل والتنفيذ وفسّر الخوارزمية والطريقة اللي استعملناها باش نحلّو.
الإدخال:
عنا جدول Person فيه:
| personId | int |
| lastName | varchar |
| firstName | varchar |

personId هو المفتاح الأساسي. فيه معلومات عالهوية (ID) متاع الأشخاص وأسمائهم.
وجدول Address فيه:
| addressId | int |
| personId | int |
| city | varchar|
| state | varchar |

addressId هو المفتاح الأساسي. كل سطر فيه معلومات عالمدينة والولاية لشخص عندو ID معيّن.
اكتب استعلام إس كيو إل (SQL) باش ترجع first name، last name، city، وstate لكل شخص في جدول Person. إذا العنوان (address) لشخص معيّن مش موجود في جدول Address رجّع null مكانو. رجّع النتيجة بأي ترتيب.
التنفيذ:
سيلكت فيرست نايم، لاست نايم، سيتي، ستيت فروم بيرسن ليفت جوين آدرس أون بيرسن.بيرسن آي دي = آدرس.بيرسن آي دي",
TB_590,"المقال المعطى يلزمنا نراجعو من الناحية العلمية ونصلحو الغلط كان فما.
الإدخال:
الزنك هو معدن ضروري للصحة. يشارك في برشة عمليات بيوكيميائية في الجسم ولازم لوظيفة سليمة لجهاز المناعة. الزنك الزايد ما هوش مضرّ خاطر يتطرّد في البول.",
TB_591,"لخّص المقال اللي عطيتهولك بطريقة مختصرة.
الإدخال:
الرياضيات والفن مرتبطين بطرق متعدّدة. توصّفو الرياضيات في حد ذاتها كفن يستند للجمال. وتنجم تلاحظ الرياضيات في فنون كيما الموسيقى، الرقص، الرسم، الهندسة المعمارية، النحت، والمنسوجات. أما المقال هذا يركّز خاصة عالرياضيات في الفنون البصرية. العلاقة بين الرياضيات والفن قديمة. الفنّانين استعملو الرياضيات من القرن الرابع قبل الميلاد كي النحات الإغريقي بوليكليتوس كتب ""كانون"" اللي يبدو استند لنسبة ١ إلى جذر ٢. فمّا ادعاءات مشهورة على استعمال النسبة الذهبية في فن ومعمار قديم من غير أدلّة قوية. في عصر النهضة الإيطالية، لوكا باتشولي كتب كتاب مؤثّر ""دي ديفينا بروبورسيوني"" (١٥٠٩)، برسومات ليناردو دافينشي عن النسبة الذهبية في الفن. رسّام إيطالي آخر بيرو ديلا فرانشيسكا طوّر أفكار إقليدس عالمنظور في كتب كيما ""دي بروسبيكتيفا بينجيندي"" وفي رسوماتو. النقّاش آلبرخت دورر عمل إشارات كثيرة للرياضيات في عملو ""ميلنكوليا ١"". في العصر الحديث، الفنان إم سي إيشر استعمل التبليط (التسيلّح) والهندسة الزائدية بشكل مكثّف بمعاونة عالم الرياضيات كوكسيتر، فيما حركة دي ستايل اللي يقودها ثيو فان دوسبرغ وبيت موندريان تبنّت الأشكال الهندسية علنا. الرياضيات ألهمت فنون النسيج كيما الكويلتينغ، الحياكة، الكروشيه، التطريز، النسيج، والسجاد التركي وغيره، وحتى الكليم. في الفن الإسلامي، التناظرات نشوفوها في أشكال متنوّعة كيما القيريح الفارسي والزليج المغربي، شاشات الحجر المثقوبة (جالي) في عمارة المغول، والقباب والزخارف المقرنصة المنتشرة.",
TB_592,"حسّن المقال بالاعتماد عاللي تعرفو ع الموضوع، باش يولي أكثر ثراء بالمعلومات.
الإدخال:
حركة ""التجارة العادلة""، زادا معروفة باسم ""عدالة التجارة""، تشجّع استعمال معايير العمل والبيئة والمعايير الاجتماعية في إنتاج السلع، خاصة المصدّرة من العالم الثالث والثاني للعالم الأول. الأفكار هذي أثارت نقاش على إذا التجارة نفسها يلزمها تكون مصنّفة كحق من حقوق الإنسان.",
TB_593,"خلّي المقال متوفر بلغة ثانية عبر ترجمته ليها.
الإدخال:
طبّ الأسنان، المعروف زادة باسم طب الفم وطب الأسنان، هو فرع من فروع الطب يركّز عالسنّة واللّثة والفم. يتكوّن من دراسة وتشخيص ومنع وتصرّف ومعالجة الأمراض والاضطرابات والحالات المتعلّقة بالفم، وعادة يركّز على الأسنان (نموّ الأسنان وترتيبها) وزادة الغشاء المخاطي للفم. طبّ الأسنان يلمّ زادة جوانب أخرى من منطقة الوجه والفكين بما في ذلك المفصل الفكي الصدغي. الطبيب في هالمجال يسمّوه طبيب أسنان.
ترجم للفرنسية:",
TB_594,"لازمنا نقوّم جودة المقال. باش نعمل هالشي، نراجع جودة الكتابة وتفسير الموضوع.
الإدخال:
القرن العشرين شهد ثورة في الاستماع للموسيقى مع انتشار الراديو عالميا وتطوّر وسائط وتكنولوجيا جديدة لتسجيل، تعديل وتوزيع الموسيقى. العروض الموسيقية ولات أكثر بصرية مع البث وتسجيل العروض. موسيقى القرن العشرين جابت حرية جديدة وتجارب واسعة مع ستايلات وأشكال موسيقية جديدة تحدّت القواعد المقبولة للموسيقى في الفترات السابقة. اختراع التكبير الموسيقي والآلات الإلكترونية، خاصة السينثسيزر، في وسط القرن العشرين ثوّر الموسيقى الكلاسيكية والشعبية، وسرّع تطوير أنماط جديدة في الموسيقى.",
TB_595,"جاوب عالسؤال التالي بالاعتماد على المعلومات في المقال.
الإدخال:
دراسات التنمية هي فرع متعدد الاختصاصات من العلوم الاجتماعية. تتقدّم دراسات التنمية كماجستير متخصص في برشة جامعات عالمية مرموقة. زادت شهرتها كمادة دراسة من بداية التسعينات، وتتدرّس وتنعمل عليها أبحاث بالأساس في البلدان النامية والبلدان اللي عندها تاريخ استعماري، كيما بريطانيا وين تولدت هالتخصّص. طلبة دراسات التنمية في العادة يختارو يخدمو في منظمات دولية كيما الأمم المتحدة والبنك العالمي، منظمات غير حكومية، مؤسسات الإعلام والصحافة، شركات استشارات التنمية في القطاع الخاص، هيئات المسؤولية الاجتماعية للمؤسسات (CSR)، ومراكز البحث. شنيا بعض المسارات المهنية المشهورة لطلبة دراسات التنمية؟
",
TB_596,"صمّم منهج (سيلابس) للكورس المعطى. الطلبة يلزمهم ياخدو قائمة الفصول مع شرح موجز لغرض كل فصل.
الإدخال:
البرمجة للجميع(البداية في البايثن)",
TB_597,"اعمل قائمة بالصفات الشخصية اللازمة باش تنجح في الوظيفة المعطاة.
الإدخال: سوشيال ميديا ماركتر",
TB_598,"رجاءً اعمل قائمة كورسات ينجم يعجبو شخص مهتم بالكورس الأول.
الإدخال: Bitcoin and Cryptocurrency Technologies",
TB_599,"فكّر في الكورسات اللي لازم ياخدها الواحد باش يولي خبير في المجال المذكور.
الإدخال: Graphic Design",
TB_600,"اعمل جدول يومي بالاعتماد على المعلومات اللي عطيتولك.
الإدخال: عايلتنا تحب تعمل رحلة ٩ أيام في المغرب بنشاطات خفيفة لمتوسطة.",
TB_601,"اعطي نصايح للطلبة كيفاش يسيطرو على الأعصاب متاعهم وقت العروض الشفاهية في القسم.
الإدخال:",
TB_602,"تنجم بسهولة تجعل العطلة متاعك أكثر مراعاة للبيئة باتباع الخطوات البسيطة هذي:
الإدخال:",
TB_603,"فكّر في فكرة تعاونك تربح التحدّي اللي اعطوهولك. اكتب الخطوات اللي يلزمك تاخذها باش تطوّر الفكرة هذي زادا.
الإدخال:
شنو تنجم تعمل بإعادة تدوير واستعمال بعض المواد القديمة اللي قبل؟ نحبّو نشوفوها! المشاريع لازم تتضمن نوع من المواد المستعملة – خذ الحاجة القديمة هذي وبدّلها الحاجة جديدة ومختلفة! النفايات الإلكترونية مشكلة كبيرة. شنو تنجم تعمل باستعمال أجهزة إلكترونية قديمة ومواد إلكترونية قابلة للاسترجاع؟ عنا جايزة خاصة من الحكام لأحسن مشروع فيه إعادة استعمال للنفايات الإلكترونية. كون ذكي وكون حذر؛ المشاريع اللي تنجّم تقتل كيما ليتشنبرغ (حرق الخشب بالخيوط المتفرّعة) ما تتقبلش ولا تتنشر.",
TB_604,"فمّا برشة مشاريع إبداعية نجمو نبنيوها في الدار مرتبطة بالموضوع اللي عطيتولك، خلينا نعمل قائمة ببعضها.
الإدخال:
الموضوع: الدوائر ",
TB_605,"أعمل قائمة بالمواد اللي باش تحتاجها باش تصنع الأداة المعطاة.
الإدخال: ميترو يقيس كحل القهوة",
TB_606,"أعطِ شرح مفصّل للخطوات اللي لازمة باش تركّب المشروع المعطى.
الإدخال: محرك بخاري بحكة بيرا فارغا",
TB_607,"قدّر تكلفة التجهير اللي باش تحتاجها للمشروع وحسب التكلفة الجمليّة.
الإدخال: مبرد ماء منزلي
المواد المطلوبة: صانع ثلج, صندوق ثلج/مبرد, مركح سخانا, ترمبا تع اكواريوم x2, 12V مولد طاقا",
TB_608,"أجب على سؤال الأدب التالي بالدقّة حسب معرفتك بأدب تلامذة الثانوي.
الإدخال: شنوا يعني الضو الأخضر في نهاية الكتاب?",
TB_609,"طوّر تمرين ذهني يساعد الناس يتعاملوا مع القلق متاعهم وفسّر كيفاش يشتغل.
الإدخال:",
TB_610,"عطيني فكرة على التمارين الذهنية اللي تعملهم باش تستلهم نفسك.
الإدخال:
",
TB_611,"أعمل قائمة بالانشطة الخارجية اللي تصلح لظروف الطقس المعطى.
الإدخال: سخانا: 57 F, تمطر",
TB_612,"رجاءً عطينا قائمة بأسئلة افتتاحية مفيدة للنقاش مرتبطة بالطقس.
الإدخال:",
TB_613,"بالنظر لظروف الطقس المعطاة، عطينا شوية نصايح لكيفاش نعدّلو خطط السفر على ضؤها.
الإدخال: تغير مفاجئ في الحرارا",
TB_614,"اكتب To-Do List بالاعتماد على المعلومة المعطاة.
الإدخال: حاجات تعملهم كل يوم في فرماسي",
TB_615,"صمّم قالب جدول باش نتابعو كل الاشتراكات.
الإدخال:",
TB_616,"خطّط لآجندا للاجتماع اليومي . عطِ وقت محدّد لكل موضوع في اللآجندا.
الإدخال:",
TB_617,"أجب على السؤال التالي.
الإدخال: كيفاش نقول ""مساء الخير"" بالفرنسي",
TB_618,"شنوّا الصوت اللي تعملو هذي؟
الإدخال: 好",
TB_619,"عطينا نصيحة نحوية حول كيفاه نختم الفعل في اللغة الألمانية.
الإدخال:",
TB_620,"هذي اختبار لفهم القراية بالفرنسية. اقرا الحكاية مليح وبعد جاوب السؤال.
الإدخال:
Lucie est à la maison avec sa petite-fille, Lin.
Lucie: Oh, non! Nous n'avons pas de pain!
Lin: Ah! Tu vas au supermarché?
Lucie: Oui, je veux une baguette pour mon sandwich.
؟لين و لوسي عندهم برشا خبز",
TB_621,"فكّر في أفكار عشا خفيفة وصحية لأيام وسط الأسبوع.
الإدخال:",
TB_622,"عطينا حيلة في الطبخ باش تحسّن مذاق الأكلة المعطاة.
الإدخال: popcorn",
TB_623,"أعمل قائمة لمج وأكلات باش تقدّمهم في حفلة العاب.
الإدخال:",
TB_624,"فسّر كيفاش تحضّر الأكلة المعطاة بكلماتك إنت. أذكر المكوّنات والخطوات.
الإدخال: كوكيز بالشكلاطا تتلوك",
TB_625,"اقترح وصفة تحلية  نباتية.
الإدخال:

",
TB_626,"صمّم لغز سودوكو متوسّط الصعوبة.
الإدخال:",
TB_627,"حلّ لغز السودوكو المعطى.
الإدخال:
The Sudoku puzzle is: |1| |5| | | | |8| | | | | | | |3| |6|4| |8|3|4|6|7| |9| | | |2|9|1| | |8|3|7|6| | | |6| | |9|8|1| | | | | | | |2| | | | | |2| | |9|7|6| | | |5|4| | | | | |9|8| |6|1| | | |5|4|3|7|",
TB_628,"فكّر في عبارة تحفيزية قريتها في كتاب. خليك إيجابي وحلو.
الإدخال:
",
TB_629,"اختار أحسن كتب من النوعية المعطاة.
الإدخال: جريما& غموض",
TB_630,"عطي وصف مختصر للكتاب اللي عطيتهولك.
الإدخال: Matilda",
TB_631,"لو أعجب الشخص بالكتاب اللي عطيتهولو، اقترح كتب اخرى تنجم تعجبو زادة.
الإدخال: The Great Gatsby",
TB_632,"اذكر التصنيف اللي ينتميليه الكتاب المعطى.
الإدخال: حب في وقت الكوليرا",
TB_633,"حلّ المعادلة هذي.
الإدخال: x^3 - 4x^2 + 6x - 24 = 0",
TB_634,"برهن العبارة المعطاة بالاعتماد عاللي تعرفو.
الإدخال: ""كان x رقم موجب والا حل لي x+3>4,مالا x>0 and x>12.""",
TB_635,"بالاعتماد عالحقائق اللي توفروا، برهن العبارة التالية.
الإدخال:
معلوما: ""لكل رقم k, k^2 + 2k + 1 ≥ 0""
حقيقا: مربع أي عدد حقيقي ماهوش سالب.",
TB_636,"تأكد من صحّة العبارة المعطاة.
الإدخال: ""بالنسبة لكل الأعداد الصحيحا j وk، كان j وk فرديين، معناها jk فردي.""",
TB_637,"قدّم صيغة تحسب بيها الحدّ رقم n في السلسلة المعطاة.
الإدخال: 5, 14, 23, 32, 41, ...",
TB_638,"أعمل جدول يسجّل كل الماتشات اللي تحقق الشرط في الدوري الأمريكي لكرة القدم (NFL). استعمل الإعمدة: فصل, وقت, اللعبة, سكور.
الإدخال: لعبة الريفنز في2011",
TB_639,"باستعمال جدول، قارن المسيرة المهنيّة للّاعبين المعطاة أسماؤهم في الـMLB. استعمل ""|"" لفصل الأعمدة.
الإدخال: ديريك جاتر, البيرت بوجولس",
TB_640,"بش يمتحنوك في معرفتك بالحكم القصيرة والأقوال المأثورة انتي تكمل الحكمة المعطاة. اكتب الاقتباس الأصلي.
الإدخال: زوز حاجات عندهمش نهايا",
TB_641,"أعمل قائمة بكل الأفلام اللي توافق المعايير المعطاة.
الإدخال: افلام متع سبايك لي بيوم الاصدار",
TB_642,"باستعمال المبلغ المعطى، حدّد قيمة الإكرامية المناسبة.
الإدخال: 14% الإكرامية متع  47.50 دينار",
TB_643,"حدّد كل الكلمات اللي تتماشى مع النموذج المعطى.
الإدخال: H_AR_",
TB_644,"أوجد كلمات تتسجّم (تتوافق في القافية) مع الكلمة المعطاة.
الإدخال: إرشاد

",
TB_645,"لوج على قصائد تذكر الشئ ولا الشخصية المعطاة. اكتب أسامي القصايد والشعرا.
الإدخال: سانتا كلوز",
TB_646,"جاوب على آخر رسالة في الشات باستعمال الإيموجيز الصحيحة باش تعبّر على شعورك.
الإدخال:

كيفاش عديت دفوارك؟
لاباس فرحت لي هوما وفاو
ايه نعرف فاش تحس. فرحان لي ماعادش بش نخمم فيهم",
TB_647,"باش تجاوب في الشات، فكّر في ردّ مضحك تنجّم تستعملو.
الإدخال: +شنوا احوالك؟",
TB_648,"آخر رسالة في الشات هي ردّ ناقص. لازمك تكملو وتعاود تكتبو بوضوح.
الإدخال:

شنوا بش تعمل طوا؟ما نعرش.قصيت علا حلمي بش نولي عالم رياضيات
.
علاش؟",
TB_649,"بدّل الرد باش يولي بنبرة أكثر تعاطف في الشات.
الإدخال:
شنوا حوالك؟+
لاباس. كان عندي برشا مشاكل ليوم.+
شنوا انواع المشالك؟",
TB_650,"تأكّد من معلومات الاجتماع في المحادثة هذي.
الإدخال:
شخص 1: هاي، وقتاش فاضي؟ نحب نقابلك.
شخص2: أنا فاضي غدوة بعد القايلة.
شخص1: ممتاز، أي ساعة؟
شخص2: شنو رايك في الساعة الثالثة بعد الزوال؟
شخص1: عندي اشتماع آخر في الوقت ذاك. شنوة رايك في الخامسة؟
شخص2: ماشي الحال. وين نجتمعو؟
شخص1: شنوة رأيك في كوفي شوب في مين ستريت؟
شخص2: باهي برشا. سمعت إنهم عندهم قهوة بنينة برشا. نشوفك غدوة!",
TB_651,"صنّف النص المعطى هل هو مهين ولا لا.
الإدخال: ""راك تصرّفت بجنون البارح.""",
TB_652,"عطي ملخّص وجيز للنوايا في الحوار اللي صار تاوكا.
الإدخال:
زبون: هاي، نحب تليفون جديد.
AI: أهلا! شنوة نوع التليفون اللي تلوج عليه؟
زبون: مانيش متأكّد. يمكن حاجة بكاميرا باهية؟
AI: عنا شوية تليفونات بكاميرات مزيانة. تحب تشوف شوية خيارات؟
زبون: إي، ",
TB_653,"فسّر محتوى المقال المعطى بطريقة مختصرة.
الإدخال:
دراسة تنشرت أول العام من طرف ""زي"" وفريقها درست دور الضو في النوم عند بالغين صحيحين في العشرينات من عمرهم. النوم ليلة وحدة بضو خافت كيما تلفزة صوتها مطفي طلّع السكر في الدم ودقات القلب عند الشباب أثناء تجربة النوم في المخبر. دقات قلب عالية في الليل تبيّن في دراسات قبل إنها عامل خطورة لأمراض القلب والموت المبكّر، في حين السكر العالي في الدم علامة على مقاومة الإنسولين اللي تنجم في الأخير تؤدّي للنوع الثاني من السكري.",
TB_654,"صلّح النسخة المكتوبة  اللي فيها أخطاء.
الإدخال:""تم خصم فائض الفايدة على كرت الكريدي متاعي أما أنا خلّصت الكل نهار قبل تاريخ الاستحقاق. عمري ما فوّت في أي خلاص السنّة هذي الكل. تنجم ترجعلي الفايدة اللي خلّصتها؟""",
TB_655,"شوف العقد واستخرج الأطراف المشاركة فيه.
الإدخال:
ابتداءً من اليوم الثالث عشر من ديسمبر 2021، هالاتفاقية متاع تسجيل موسيقي (""الاتفاقية"") معمولة بين ""غود كيد""، فرقة موسيقية من تورونتو (""الفنان"")، و""يونيفرسال ميوزيك غروب""، ليبل تسجيل برخصة رقم 545345 (""شركة التسجيل""). الفنان وشركة التسجيل ينجم يتسمّاو في الاتفاقية كأطراف كل واحد بوحدو وكأطراف مع بعضهم. الخدمة تحت الاتفاقية هذي تبدأ من 15 مارس 2022وتستمر طول مدّة الاتفاقية.",
TB_656,"بناء على عنوان الإيميل، قرّر إذا يلزم نتعاملو معاه كسبام ولا لا.
الإدخال:""أطباء الجلد ما يحبّوهاش!""",
TB_657,"صنّف التغريدة في إحدى التصنيفات: حدث، تجريبي، ولا اخبار.
الإدخال:""باستعمال الدليل هاذا، تنجّم تحلّل وتصنّف تقييم المستخدم كيما إيجابي ولا سلبي باستعمال خاصّيات تحليل المشاعر في تطبيق نيكست دوت جاي آس. نورّيوك كيفاش تستغلّ تقنيات الذكاء اللغوي في تطبيقاتك. شوف التفاصيل تحت ↓""",
TB_658,"اعطِ عنوان الخبر تصنيف من: لأخبار والطنين والسفر والأناقة والفنون والثقافة والسياسة والتكنولوجيا والعلوم والصحة.
الإدخال:""معرض #بانكسي في كامبريدج، ماساتشوسيتس رهيب برشا.""",
TB_659,"صنّف السؤال في قسم ""العثور على تفاصيل السياسة
""، ""تبديل إعدادات الحساب
""، ""تقدم المطالبة وحالة العرض
""، ولا ""إلغاء التغطية
"".
الإدخال:""تنجم تصب الفلوس في الحساب متاعي عوض تبعثلي شيك ورقي؟""

",
TB_660,"اختار عنوان جذّاب للمنشور متاعك.
الإدخال:""الأفوكا العادي فيه أكثر من 300 كالوري من الزيت اللي فيه. هذي نفس مقدار الكالوري في شوكولاتة كبيرة. إذا تعمل تمارين كافية باش تاكل شوكولاتة كبيرة كل يوم من غير ما تزيد في الوزن، ما فيها باس تاكل أفوكا كل يوم. وإلا يلزمك تاكلهم بحذر.""",
TB_661,"عطينا أمثلة على العبارات اللي يستعملوها الناس في الحالة الاجتماعية المعطاة.
الإدخال""كي الواحد يوصل لدارو لاباس""

",
TB_662,"يلزمك تكتب بعض الأسئلة من قسم الانترفيو الخاصة بالشركة المعطاة.
الإدخال:""كوهلز""

",
TB_663,"بناءً عاللي توفّر، قدّر متوسط الملخّص للوظيفة المعطاة.
الإدخال:موظف إدخال بيانات في تونس",
TB_664,"فسّر المهام الوظيفية للوظيفة المعطاة.
الإدخال:""عون حراسة""",
TB_665,"أعطي قائمة بالمهارات اللي ربما تعاونك تلقى الخدمة.
الإدخال:""أعضاء الفريق""",
TB_666,"نظّم الميتينغات حسب المعلومة المعطاة.
الإدخال:""شخص1: فاضي من التاسعة للصاح لحدّ الحادية عشرة، وقت الاجتماع: نص ساعة
شخص2: فاضي من الواحدة متع العشية للثالثة، مدّة الاجتماع: ساعة ونص
شخص3: فاضي من الثانية متع العشية للثالثة ونص، مدّة الاجتماع: ساعة""",
TB_667,"القا الاتجاهات بين المواقع لي عطيتهملك.
الإدخال:
مِن: زغوان‎
إلى: القصرين

",
TB_668,"اعطي شرح مختصر للجزء المطلوب من الورقة.
الإدخال:
ورقة: النماذج المسيطرة في تحويل التسلسلات (سيكوينس ترانسداكشن) مبنية على شبكات عصبونية تكرارية (ريكارنت) أو تلافيفية (كونفوليوشنال) مع إنكودر وديكودر. أقوى النماذج تربط الزوز مع بعضهم بميكانيزم الأتينشن. نقدّمو معمارية شبكة جديدة وبسيطة، الترانسفورمر، معتمدة فقط عالآتينشن، وتستغنى تمامًا عن التكرار (ريكورنس) والتلافيف (كونفوليوشن). التجارب على زوز مهام ترجمة آلية تورّي إنو هالنماذج أحسن في الجودة وأسهل في التوازي وتاخذ وقت أقل في التدريب. الموديل متاعنا يحقّق ٢٨.٤ بلو (BLEU) في مهمة ترجمة إنقليزي-ألماني (WMT 2014)، ويحسّن أكثر من أحسن نتائج حالية، وحتى مع الإينسمبل (ensembles)، بأكثر من ٢ نقاط بلو. أما في مهمة الترجمة إنقليزي-فرونسي (نفس الداتا WMT 2014)، الموديل متاعنا يعمل نتيجة بلو ٤١.٨ كموديل واحد (سينغل موديل) في ظرف ٣.٥ أيام تدريب على ٨ جي بي يو (GPUs)، وهي نسبة صغيرة من تكلفة تدريب أحسن الموديلات في الأدبيات. زادا ورّينا إنو الترانسفورمر يتعمّم مليح في مهام أخرى كيما تحليل البُنى في اللغة الإنقليزية (English constituency parsing) سواء بداتا كبيرة ولا محدودة.
اشرح: النماذج المسيطرة في تحويل التسلسلات

",
TB_669,"جاوب على السؤال بخصوص الورقة بعد ما تقراها مليح.
الإدخال:
باش نقيسو إذا الترانسفورمر ينجم يتعمّم لمهام أخرى، عملنا تجارب على تحليل البُنى النحوية في الإنقليزية (إنقليش كونسيتوينسي بارسينغ). المهمة هذي فيها تحدّيات خاصة: الناتج فيه قيود هيكلية قوية وطويل برشة مقارنة بالمدخل. فوق هاذا، نماذج RNN سيكوينس-تو-سيكوينس ما نجّمتش توصل لأحسن النتائج في حالات الداتا القليلة.
السؤال: شنوة هو تحليل البُنى النحوية في الإنقليزية؟",
TB_670,"اقترح شوية أنشطة مفيدة ولا مواضيع كلام تستخدمهم في لقاءات باش تفكّ الجوّ .
الإدخال:",
TB_671,"حوّل الـHTML المعطى لصيغة ماركداون.
الإدخال:
<code>Use `code` in your Markdown file.</code>",
TB_672,"استخرج المنهجية اللي استعملوها في البحث من ملخّص الورقة، وهات الجُمَل بالضبط اللي تحكي عليها.
الإدخال:
قدّمنا نظام تعرّف كلام (سبيتش ريكوغنيشن) متطوّر معمول بالاعتماد على التعلّم العميق من البداية للنهاية (إند تو إند). المعمارية متاعنا أبسط برشة من الأنظمة الصوتية التقليدية اللي تعتمد على مراحل معالجة متعبة في التصميم؛ والأنظمة التقليدية عادةً تعطي نتائج ضعيفة في البيئات المزعجة. بالعكس، نظامنا ما يحتاجش مكوّنات مصمّمة يدويًا باش نمثّلو الضوضاء في الخلفية والرنين (ريفربيريشن) ولا اختلاف المتحدّث، إنما يتعلّم ديراكت دالّة متحصّنة ضد الحاجات هذي. ما نحتاجوش حتى قاموس فونيمات، ولا حتى مفهوم ""فونيم"". النقطة المفتاحية في المنهجية متاعنا هي نظام تدريب RNN محكّم يستعمل عدة GPUs، وزادا شوية تقنيات تركيب بيانات (داتا سينثيسيس) جديدة تسمح إننا نتحصّلو ع كمية كبيرة ومتنوعّة من الداتا للتدريب بكفاءة. نظامنا، المسمّى ""ديب سبيتش""، يتفوّق ع النتائج المنشورة قبل على سويتش بورد هاب٥’٠٠ (Switchboard Hub5'00) ويجيب ١٦.٠٪ نسبة خطأ على كامل التيست. زادا ديب سبيتش يتعامل أحسن في البيئات المزعجة مقارنة بالأنظمة التجارية المتقدّمة.",
TB_673,"يلزمك تكتب أسماء بعض الأوراق اللي مرتبطة بالورقة المعطاة.
الإدخال:
RoMQA: معيار, أدلة متعددة,الإجابة على الأسئلة متعددة الإجابات",
TB_674,"اكتب ملخّص قصير ومكثّف للورقة بالاعتماد على الملخّص متاعها.
الإدخال:
Few-shot learning (إف إس إل) هو خطوة مهمّة للمستقبل في التعلّم الآلي ويثير اهتمام كبير. في هالبحث، ركّزنا ع مشكلة الإف إس إل في فهم الحوارات، اللي تشمل زوز مهام مترابطين: تحديد النيّة  وتعبئة الخانات . تبيّن إنو فهم الحوارات يتحسّن برشة كي نتعلّمو الزوز مع بعضهم. لكن في سيناريوهات الإف إس إل، التعاون هاذا يصير صعيب: من جهة، قلة الداتا تكبّر صعوبة نمذجة العلاقة بين الزوز، من جهة أخرى كيفاش نتعلّمو مهام متعدّدة مع بعض في الإف إس إل مزال موش واضح برشة. ردًّا ع هالمشكل، قدّمنا FewJoint، أول معيار  خاص بفهم الحوارات المشترك في وضعية الإف إس إل. FewJoint يوفّر كوربوس جديد فيه ٥٩ مجال مختلف من حوارات API صناعي حقيقي، ومنصّة كود باش تسهّل تجارب الإف إس إل، اللي من المتوقّع إنها تحرّك البحث في المجال. زيادة على هذا، لقينا إنو الأداء الضعيف في وضع الإف إس إل ينجم يسبّب تبادل مُشوَّش بين المهمتين ويعطّل التعلّم المشترك. باش نعالجو الموضوع، وجّهنا السلوت  بمعطيات صريحة عن النيّة واستعملنا آلية ""ترست جايتينغ"" جديدة باش نصدّو معلومات النيّة اللي ما فيهاش ثقة كافية ونضمن مشاركة بجودة عالية. زيادة على هذا، استعملنا إستراتيجية ""ربتايل""  في الميتا-ليرننغ باش نضمن تعميم أحسن في الدومينات اللي ماشفناهمش وقت الإف إس إل. في التجارب، الطريقة المقترحة حسّنت النتائج بوضوح ع داتاستين ووصلت لأحسن أداء جديد .",
TB_675,"باش تكتب نوتيشن ABC (أ بي سي) لاغنية معطاة اسمها ""ذا ساوث ويند"" 
الإدخال:
ذا ساوث ويند",
TB_676,"صنّف المجلة حسب محتواها في وحدة من التصنيفات: سياسة، أخبار الترفيه
، أخبار التكنولوجيا
، أخبار الأعمال
، الأبوة والأمومة والأطفال، الصحة والشفاء، الطبخ، الطعام والنبيذ، الفنون والأدب.
الإدخال: Inc.",
TB_677,"قرّر إذا الإيميل المعطى يتبع قسم البروموشنز ولا السوشيال.
الإدخال:
العنوان: عندك دعوة
نص الرسالة: أهلا، نحب نضمّك لشبكتي في لينكدإن.",
TB_678,"عندو قصة فيلم مفسّرة ببرشة إيموجيز. لازمك تتوقع اسم الفيلم حسب الإيموجيات.
الإدخال:🧙‍♂️🚪📚🦅⚡",
TB_679,"اخترع فكرة جديدة لسيناريو فيلم مشوّق، وحُط عنوان وملخص القصة.
الإدخال:
",
TB_680,"بدّل الضمير من المتكلّم للغايب في الجملة المعطاة مع المحافظة ع المعنى، وتنجم تصيغها بطريقة أحسن.
الإدخال:
نجمنا نزيدو في كمية المخزون لي عنا من نفس المورد عاد قللنا المخاطر لي عنا",
TB_681,"طبّق قواعد الكابيتاليزيشن اللي كل حرف ثاني يتبدّل بين صغير وكبير.
الإدخال:
الدليل: كل حرف ثاني يتبدّل بين lower case وupper case.
الجملة: عنكبوتا كبيرا سادا الثنية.",
TB_682,"أوجد تكرير حرف باستعمال مترادفات كلمات في الجملة المعطاة.
الإدخال:
رامي يلبش شابو كل نهار",
TB_683,"حوّل الوصف المكتوب للغة طبيعية إلى أمر في باش.
الإدخال:
اقرا اول 10 سطورا من ""ف""",
TB_684,"جهّز جدول يحتوي ملخّص معلومات المشاركين في المؤتمر.
الإدخال:
كان فما مؤتمر باش يناقشو كيفاش نحسّنو جودة التعليم في المدارس. المتحدّث الرئيسي هو البروفيسور كرو بيردي (cpurdie@email.com)، حكى ع أهمية وضع مقاييس عالية للطلبة والأساتذة. قال يلزم المدارس تكون أماكن ينجمو الطلبة يتعلّمو فيها ويتحدّو أرواحهم. المتحدّثين الآخرين كانو المعلّم أوليفر مالاشي (oliver@email.com) وولي الأمر كولبي ريس (kolbyreese82@email.com). المعلّم حكى ع لزوم تحضير الأساتذة مليح ولازم تكون عندهم توقّعات عالية من طلبتهم. الولي حكى ع لزوم مشاركة الأولياء في تعليم صغارهم. وكان زادة نقاش ع أهمية التمويل للمدارس.",
TB_685,"أعمل قائمة بالمفاهيم اللي لازم الواحد يتعلّمهم قبل ما يوصل للمفهوم المعقّد المذكور.
الإدخال: Deep Learning",
TB_686,"عاود صياغة الجملة اللي تنجّم تكون مبهمة باستعمال عبارات أوضح.
الإدخال:
الدجاجا حاضرا بش تاكل",
TB_687,"حلّل الانطباع متاع التغريدة المعطاة وصنّفو: إيجابي، سلبي، ولا محايد.
الإدخال:
""هاذي احسن ورقة غش ولقيتها عندي برشا.""

",
TB_688,"عندك أمر بلغة بايثون، حولّه للروبي.
الإدخال:
print(""Hello World!"")
",
TB_689,"عندك جملة بالمنطق من الدرجة الأولى، ترجمها للغة طبيعية.
الإدخال:
∃x∀y(soldier(x)→general(x,y))",
TB_690,"عندك عبارة بحث (سيرش) ووثيقة (دوكيومنت). صنّف الوثيقة هل هي مناسبة للبحث أو لا.
الإدخال:
البحث: علاش السما زرقا
الوثيقة: الجواب المختصر: ضوء الشمس يوصل للغلاف الجوي للأرض ويتشتت في كل الاتجاهات بفعل الغازات والجزيئات في الهواء. الضوء الأزرق يتشتت أكثر من غيره خاطر يمشي بموجات أقصر وأصغر. وهذا علاش نشوف السما زرقا أكثر الأوقات.",
TB_691,"أعمل قائمة بعناوين فرعية للموضوع المَعطى.
الإدخال: نظرية الموسيقى
",
TB_692,"لخّص الفيلم بطريقة شوية ""snarky"" في جملة وحدة كي تفسّرو.
الإدخال: The Shining",
TB_693,"اكتب الكلمات اللي تستجيب للشرط المعطى.
الإدخال: 5 بلدان تبدا بحرف ""س""",
TB_694,"اعطِ اسم للأكلة المعطاة بالاعتماد ع المكوّنات والتعليمات.
الإدخال:
المكوّنات: 2 علب تونة (5 أونص) من Bumble Bee® Solid White Albacore، مصفّية - 1 أفوكا - 2 معالق كبار صوص سيراشا - 1 معلقة كبيرة ديجون ماستارد - 2 لـ 3 معالق كبار كرفس مقطّع - 2 معالق كبار بصل أحمر مقطّع - 2 بصل أخضر مقطّع - 1 معلقة كبيرة كسبرة خضراء مفرومة - ملح وفلفل حسب الذوق - كوبين كبار من الخضرة الورقية (ليفي قرين ليتوس) - كوب جزر مقطّع رقاق - 4 تورتيّا قمح كامل 10 إنش
التعليمات: في صحن وسط، اهرس التونة مع الأفوكا حتى يندمجوا. زيد بقية المكونات إلى الملح والفلفل، وخلّط مليح. باش تركّب اللفّة، حط في كل تورتيّا نصّ كوب خضرة ورقية، ربع كوب جزر رقاق، واقسم خلطة التونة بين اللفّات. لفّ التورتيّا بإحكام، قطّعها وتمتّع!",
TB_695,"لخّص اجتماع من النقاط المعطاة، وحوّلها لسرد وكأنك تحكي من منظور حاضر في الاجتماع.
الإدخال:

روز: تحلّل الداتا وتقدّم الاستنتاجات
جون: يقترح فكرة جديدة
جين: تعيّنت مسؤولة ع المشروع
توم: يحتاج وقت أكثر باش يصلّح عطل في السوفتوير",
TB_696,"أعمل قائمة بعض الأغاني المعروفة من الألبوم المعطى.
الإدخال: Back To Black",
TB_697,"اخترع كلمة جديدة بالاعتماد ع الوصف.
الإدخال: الإحساس إنك عارف، وإنت مازلت تعيش اللحظة، إنّو الشي اللي يصير توّة باش يبقى ذكرى خالدة.",
TB_698,"عندك لغة برمجة واسم دالة، اكتب أمر يوضّح كيفاش تستعمل هالدالة.
الإدخال:
اللغة: بايثون
الدالة: input",
TB_699,"قدّم إطراء لطيف بالاعتماد على الصفة المعطاة.
الإدخال: الصدق
",
TB_700,"اكتب تقديم مختصر للريزومي بالاعتماد ع المعلومات المعطاة.
الإدخال:
الاسم: مارك
الجنسية: إيطالي
اللغة: إنقليزي
الصفات: مبدع، مركز ع الأهداف، متحفّز
المهارات: هندسة البرمجيات، التسويق بالمحتوى",
TB_701,"أعمل قائمة بصفات تنجّم توصف العلامة التجارية المعطاة.
الإدخال: شركة ناشئة في التكنولوجيا مبدعة
",
TB_702,"الشخص عطاك معلومات إنه يحب يعمل رحلة عالطريق في الساحل الغربي (وست كوست). يبدأ قريب من سان دييغو وماشي للوس آنجلس. حضّرلو برنامج مع أحسن المحطّات والأنشطة في الطريق.
الإدخال: نلوج على رحلة على الساحل الغربي. الهدف هوا نبدا من سان دييغو ونسافر إلى لوس أنجلوس.

",
TB_703,"الريجكس هي مجموعة حروف تحدّد نمط للبحث. حول الطلب المعطى للغة طبيعية إلى ريجكس.
الإدخال: طابق عنوان IP صالح
",
TB_704,"اكتب وصف عقار للبيع بشكل جذّاب ومهني. العنوان وبعض التفاصيل مقدّمة، كمّل بالباقي من خيالك إذا لزم.
الإدخال:
عنوان العقار: 412 مونتيري آف، كابيتولا، كاليفورنيا 95010
الباركينغ: 3 سيارات + كراج مفروش لسيارة وحدة
التفاصيل:

تصميم داخلي مفتوح
شبّاك فيه إطلالة عالبارك/الجبل
كوجينة بخزاين شاكر وكالكاتا كوارتز بيضة",
TB_705,"عطاك وصف لعقار. استخرج المعلومات والتفاصيل الأساسية عليه.
الإدخال:
""امشي للبحر من كابيتولا نولز! استوديو فوق  فيه سطح خاص وكبير يشوف على الطبيعة. دار ظريفة جاهزة للسكن وتستنى لمساتك الخاصة. مناظر خضراء ومنظمة بالبستنة محيطة كيما حديقة، وفيها مسبح وجاكوزي جماعية. موقع مرغوب... تمشي على رجليك لقرية كابيتولا، مخبزة غايل، مطاعم، شوبينغ، مدارس، ولا تطلع عالأوتوستراد 1 اللي قريب برشة.""

",
TB_706,"راجع وصف العقار اللي قدّموه وقولنا شنوة الحاجات الباهية فيه وشنوة السلبيات، واعمل قائمة بالنقاط الرئيسية (Key Takeaways).
الإدخال:
""فمّا سحر حقيقي في الجمع بين المعمار الفكتوري الآسر بطبيعته واللمسة العصرية. زيدلها حديقة متعدّدة المستويات خارقة للعادة وتلقى النتيجة: أناقة 444 شارع29. واجهة الدار مليانة ضوء والترابط انسيابي بين الليفينغ، الدينينغ، والكوجينة. كوجينة جديدة بتوب الكوارتز وأجهزة مطوّرة. صالة الطعام كبيرة عندها شبابيك كبيرة، ومع الصالة اللي جنبها، تعطي فضاء مثالي للضيافة. زوز غرف كبيرة في المستوى هذا في الخلف، بجلاسات كبيرة وخرجة مباشرة للحديقة. حمام كامل ومتجدّد بستايل عصري في المستوى هاذا. الغرفة الثالثة/الحمام الثاني في الطابق الأرضي - ينجم يكون غرفة ضيوف، مكتب، مكان سبور، إلخ. الجنينة الكبيرة ماشية في أرض عميقة وتتزيّن بتصميم مدرّج. غرفة بلانشيري/ستوكاج، باركينغ لسيارة وحدة في كراج، ألواح شمسية من تيسلا. منطقة رئيسية ومسطّحة من نوي فالي - قريب تمشي على رجليك لكل شي في نوي. خطوات على جي-تشورش وقريب من الشتلز والأوتوسترادات.""",
TB_707,"أعمل قائمة بكلمات تسويق عقاري تزيد قيمة العرض وتجلب مشترين أكثر.
الإدخال:",
TB_708,"اقترح شوية باكيجات عادة الناس يشروهم مع المنتج المعطى.
الإدخال: ماكبوك آير
",
TB_709,"صمّم قالب في ماركداون باش تحدّد نطاق تذاكر جيرا (Jira). الأعضاء يستعملوه كقائمة تفقد باش يتأكدو إن كل المعلومات الضرورية حاضرة وقت يصنعو تذكرة.
الإدخال:",
TB_710,"في هندسة البرمجيات،قصة المستعمل هي شنو يحبّ المستخدم من النظام، والشروط القبول هي الشروط اللي لازم تتحقّق لها. كون شروط القبول مبسّطة بالاعتماد عالـقصة المستعمل المعطى.
الإدخال:
قصة المستعمل: كمستخدم، نحب نستعمل حقل بحث نكتب فيه مدينة، اسم، ولا شارع، باش نلقى خيارات نزل تناسب.",
TB_711,"الـقصة المستعمل هي تفسير عام وغير رسمي لخاصية في السوفتوير من منظور المستعمل النهائي. اكتب قصة المستعمل للبرنامج المعطى.
الإدخال: Gmail",
TB_712,"اكتب تذكرة جيرا للمهمّة المعطاة.
الإدخال: موظف جديد

",
TB_713,"عاود صياغة النص بأسلوب أكاديمي.
الإدخال:
""برشة أوراق تنشرت على الموضوع هذا.""",
TB_714,"أعمل قائمة بالحسنات والعيوب للقرار المعطى.
الإدخال: تطبيق سياسة العمل عن بعد
",
TB_715,"اكتب ملاحظات مهمة ونقاط رئيسية حول الموضوع المعطى.
الإدخال: تاريخ الولايات المتحدة",
TB_716,"بناءً على الكلمات المفتاحية المعطاة، اكتب تقييم لمطعم.
الإدخال:
الاسم: بيتزاريا
أسعار باهية، مكان هادئ، بنين، طاقم لطيف",
TB_717,"حوّل اللغة الطبيعية لتعليمات قيادة خطوة بخطوة .
الإدخال:
امشِ للغرب على آي-10 (I-10) حتى توصل للـ101  وبعدها خوذها للشمال. في الأخير باش تشوف علامة هوليوود قدامك.
",
TB_718,"اعطي تصنيف ESRB للعبة هذي.
الإدخال:
هذي لعبة أكشن-مغامرة وين يعاون اللاعب كريتوس وولدو في رحلة خطيرة. يستكشفو عوالم مختلفة ويقاتلو أعداء مش طبيعيين أو حقيقيين (كيما رايدرز يشبهوللإنسان وكائنات خيالية كيما السينتور، التروول، والتنين). يستعملو فؤوس وسيوف بسلاسل باش يحاربو الأعداء، غالبًا مع دم كثير وتقطيع للأعضاء. ينجم اللاعب يعمل ضربات نهائية فيها طعن من قريب بأسلحة، وضربات متعددة بالفأس على رقبة المخلوق حتى ينقص راسو. يتقالت فيها كلمات كيما ""f**k"" و""sh*t"".",
TB_719,"عندك وصف لون، لزمك تكتشف كود الـCSS اللي يقابل اللون هاذا.
الإدخال: لون أحمر فاتح مع درجة متوسطة فاتحة من الوردي",
TB_720,"عرّف الأخطاء الموجودة في الكود المعطى وصلّحها، وبعد أعد كتابتو.
الإدخال:
for i in range(10) print(Answer is:) print(i)",
TB_721,"أعمل ليستل بعبارات شائعة للقسم المحدّد من الورقة.
الإدخال: مقدّمة",
TB_722,"احنا وصّفنا مشهد من فيلم شفناه قبل. اكتشف شنوة هو الفيلم.
الإدخال:
يلزمك تختار بين حبة حمرا ولا حبة زرقا",
TB_723,"خذ وصف المنتج واكتبلو اعلان إبداعي.
الإدخال:
كاميرات الوثائق تخلي المعلّمين يورّيو وثائق، كتب، ولا حاجات للطلبة باش يشوفوها",
TB_724,"حوّل الوصف المكتوب بلغة طبيعية إلى معادلة في غوغل شيتس.
الإدخال:
اذا كانت خلية C7 تساوي ""امريكا"" ولا ""كندا"" ولا ""اوروبا"" ولا ""الأميركاز""",
TB_725,"عندك تغريدة، قرّر إذا هي مهينة ولا لا.
الإدخال:
هي بلحق خذات شوية هجوم خاطرها بصراحة … اممم بهيما",
TB_726,"باش تعمل تمارين سريعة في البيرو، اقترح روتين قصير ونافع.
الإدخال:",
TB_727,"توقّع قداش صاحب الريفيو باش يعطي من نجوم للمطعم بالاعتماد عالتعليق.
الإدخال:
""التقييمات كانت هايلة، اما الصراحة حسّيتو عادي برشة. يبان بلاصة سياحية عادية والماكلة نص نص. الخدمة اوكي، موش هايلة اما موش الاسوأ. الخبز كان بنين برشة. طلبت مسّلز فرايز، كان فيهم طعم بصل فيداليا حلو. ما فيش فايدة من الفرايز خاترهم طراو وما فيهمش مذاق. صاحبي طلب باستا دجاج بالبيستو وزادا كانت نص نص.""",
TB_728,"صنّف الخدمة هذي: مطعم، خدمات منزلية، خدمات سيارات، ولا متفرقات، بالاعتماد عالتخصص الموصوف.
الإدخال:
""اتصل بينا عالرقم 650-636-4884 ولا زور موقعنا باش تاخذ تسعيرة. المحل هذا مختص في كفرات جديدة وتصليح عام للسيارات. عنا كل انواع الكفرات في المحل وعنا مجموعة واسعة لكل الميزانيات وانواع السيارات. اذا ماكش عارف شنوة يلزمك، فمة خبراء حاضرين يعاونوك تختار الكفر اللي يناسبك. زادا عنا كفرات للمركبات التجارية ونخدمو اساطيل مختلفة.""
",
TB_729,"قلّي اقتراحاتك باش النص يولّي صحيح لغويًا اكثر.
الإدخال:
""هذي المرة الثانية اللي نجي فيها هنا، والجو العام، والماكلة كانو رائعين.""",
TB_730,"باستعمال المكوّنات المتوفرة، حضّر وصفة عشاء.
الإدخال:
""كالي + زبدة اللوز + خل تفاح + نيكتار الاغاف + تاماري""",
TB_731,"صنّف المنتج المذکور: إلكترونيات، كومبيوترات، منزل ذكي، ولا فنون وحرف.
الإدخال: ""غوغل نيست لورنينغ ثيرموستات""
",
TB_732,"قدّم تعليمات للتمرين المعطى.
الإدخال: ""رفع الساقين""",
TB_733,"عاود كتابة النص وعدّل الأخطاء الإملائية.
الإدخال:
""هو يحل مشاكل عامة وفريدة لكل فريق.""",
TB_734,"اكتب اضداد للكلمة المعطاة.
الإدخال: ""يتوّج""
",
TB_735,"اكتب صيغة اتش تي ام ال للعملية المطلوبة.
الإدخال: ""اضافة صورة للصفحة""",
TB_736,"حدّد شنوّا هي لغة البرمجة اللي مكتوب بيها الكود.
الإدخال:
if (20 > 18) { printf(""20 is greater than 18""); }",
TB_737,"قرّر نوع الكلمة المأكّد عليها في الجملة.
الإدخال:
""المدرسة باش _تواصل خلال الشتاء""",
TB_738,"فسّر شنوة تعني الكلمة المأكّد عليها للصغار.
الإدخال:
""_حافظ على الوعد""
",
TB_739,"طوّل الجملة المعطاة وزيدلها تفاصيل.
الإدخال:
""غيّرتلي حياتي.""
",
TB_740,"استخرج عنوان العقار من قسم ""حول هالمكان"" في اير بي ان بي.
الإدخال:
""مخبّي في مرتفعات مدينة تعدين قديمة اسمها غراس فالي في كاليفورنيا، الشاليه هذا واسع وعجيب، يدعوك تعيش الطبيعة مع العايلة، الاصحاب والحيوانات. تمتع بالجاكوزي، ملعب الباسكت، دار فوق الشجرة، غرفة صغار، باربيكيو، مكان للنار، سينما برا، وزيد. ساعة من طااهو وعشر دقائق للمدينة، ديما عندك اماكن جديدة تستكشفها.""",
TB_741,"صمّم تحدي تدريبي بسيط في سترافا ينجمو كل الناس يشاركو فيه.
الإدخال:
",
TB_742,"اقترح شوية اسماء لجروب ودّي في تيلغرام.
الإدخال:",
TB_743,"اكتب طريقة نطق الكلمة المعطاة بنظام ""قاموس نطق غوغل"".
الإدخال: ""interpretations",
TB_744,"اشرح معنى العبارة هذي بطريقة بسيطة، واذا تحب اعطي مثال.
الإدخال:
""مع شوية ليونة فيهم""",
